SET NAMES utf8mb4;
SET FOREIGN_KEY_CHECKS = 0;

-- ----------------------------
-- Table structure for t_album
-- ----------------------------
DROP TABLE IF EXISTS `t_album`;
CREATE TABLE `t_album`  (
  `id` bigint UNSIGNED NOT NULL COMMENT '主键',
  `label_id` bigint UNSIGNED NOT NULL COMMENT '标签ID',
  `title` varchar(32) CHARACTER SET utf8mb4 COLLATE utf8mb4_0900_ai_ci NOT NULL COMMENT '标题',
  `urls` varchar(512) CHARACTER SET utf8mb4 COLLATE utf8mb4_0900_ai_ci NOT NULL COMMENT '路径数组最多9张',
  `like_count` int UNSIGNED NOT NULL DEFAULT 0 COMMENT '点赞数量',
  `view_count` int UNSIGNED NOT NULL DEFAULT 0 COMMENT '浏览数量',
  `comment_count` int UNSIGNED NOT NULL DEFAULT 0 COMMENT '评论数量',
  `introduction` varchar(128) CHARACTER SET utf8mb4 COLLATE utf8mb4_0900_ai_ci NOT NULL COMMENT '简介',
  `create_time` datetime NOT NULL DEFAULT CURRENT_TIMESTAMP COMMENT '创建时间',
  `update_time` datetime NOT NULL DEFAULT CURRENT_TIMESTAMP COMMENT '更新时间',
  `create_by` bigint UNSIGNED NOT NULL COMMENT '创建人',
  `update_by` bigint UNSIGNED NOT NULL COMMENT '修改人',
  `is_likeable` tinyint UNSIGNED NOT NULL DEFAULT 1 COMMENT '是否开启点赞',
  `is_recommend` tinyint UNSIGNED NOT NULL DEFAULT 0 COMMENT '是否开启推荐',
  `is_commentable` tinyint UNSIGNED NOT NULL DEFAULT 1 COMMENT '是否开启评论',
  `is_enabled` tinyint UNSIGNED NOT NULL DEFAULT 1 COMMENT '是否启用',
  `is_reviewed` tinyint UNSIGNED NOT NULL DEFAULT 2 COMMENT '是否通过审核',
  PRIMARY KEY (`id`) USING BTREE
) ENGINE = InnoDB CHARACTER SET = utf8mb4 COLLATE = utf8mb4_0900_ai_ci COMMENT = '相册表' ROW_FORMAT = DYNAMIC;

-- ----------------------------
-- Table structure for t_article
-- ----------------------------
DROP TABLE IF EXISTS `t_article`;
CREATE TABLE `t_article`  (
  `id` bigint UNSIGNED NOT NULL AUTO_INCREMENT COMMENT '主键',
  `label_id` bigint UNSIGNED NOT NULL COMMENT '标签ID',
  `title` varchar(32) CHARACTER SET utf8mb4 COLLATE utf8mb4_general_ci NOT NULL COMMENT '标题',
  `cover` varchar(128) CHARACTER SET utf8mb4 COLLATE utf8mb4_general_ci NOT NULL COMMENT '封面',
  `content` text CHARACTER SET utf8mb4 COLLATE utf8mb4_general_ci NOT NULL COMMENT '内容',
  `copyright` varchar(128) CHARACTER SET utf8mb4 COLLATE utf8mb4_general_ci NOT NULL DEFAULT 'YShuJia' COMMENT '版权方',
  `like_count` int UNSIGNED NOT NULL DEFAULT 0 COMMENT '点赞量',
  `view_count` int UNSIGNED NOT NULL DEFAULT 0 COMMENT '浏览量',
  `comment_count` int UNSIGNED NOT NULL DEFAULT 0 COMMENT '评论数量',
  `has_video` tinyint UNSIGNED NOT NULL DEFAULT 0 COMMENT '是否含有视频',
  `password` varchar(128) CHARACTER SET utf8mb4 COLLATE utf8mb4_general_ci NULL DEFAULT NULL COMMENT '文章密码',
  `password_tip` varchar(64) CHARACTER SET utf8mb4 COLLATE utf8mb4_general_ci NULL DEFAULT NULL COMMENT '密码提示',
  `create_time` datetime NOT NULL DEFAULT CURRENT_TIMESTAMP COMMENT '创建时间',
  `update_time` datetime NOT NULL DEFAULT CURRENT_TIMESTAMP COMMENT '更新时间',
  `create_by` bigint UNSIGNED NOT NULL COMMENT '创建人',
  `update_by` bigint UNSIGNED NOT NULL COMMENT '修改人',
  `is_likeable` tinyint UNSIGNED NOT NULL DEFAULT 1 COMMENT '是否开启点赞',
  `is_recommend` tinyint UNSIGNED NOT NULL DEFAULT 0 COMMENT '是否开启推荐',
  `is_commentable` tinyint UNSIGNED NOT NULL DEFAULT 1 COMMENT '是否开启评论',
  `is_enabled` tinyint UNSIGNED NOT NULL DEFAULT 1 COMMENT '是否启用',
  `is_reviewed` tinyint UNSIGNED NOT NULL DEFAULT 2 COMMENT '是否通过审核',
  PRIMARY KEY (`id`) USING BTREE,
  INDEX `t_article_label_id_index`(`label_id` ASC) USING BTREE
) ENGINE = InnoDB AUTO_INCREMENT = 656990976876550 CHARACTER SET = utf8mb4 COLLATE = utf8mb4_general_ci COMMENT = '文章表' ROW_FORMAT = DYNAMIC;

-- ----------------------------
-- Table structure for t_classify
-- ----------------------------
DROP TABLE IF EXISTS `t_classify`;
CREATE TABLE `t_classify`  (
  `id` bigint UNSIGNED NOT NULL AUTO_INCREMENT COMMENT '主键',
  `name` varchar(16) CHARACTER SET utf8mb4 COLLATE utf8mb4_general_ci NOT NULL COMMENT '类别名',
  `key` varchar(64) CHARACTER SET utf8mb4 COLLATE utf8mb4_general_ci NOT NULL DEFAULT '1' COMMENT 'key值',
  `introduction` varchar(128) CHARACTER SET utf8mb4 COLLATE utf8mb4_general_ci NOT NULL COMMENT '简介',
  `create_time` datetime NOT NULL DEFAULT CURRENT_TIMESTAMP COMMENT '创建时间',
  `update_time` datetime NOT NULL DEFAULT CURRENT_TIMESTAMP COMMENT '更新时间',
  `create_by` bigint UNSIGNED NOT NULL COMMENT '创建人',
  `update_by` bigint UNSIGNED NOT NULL COMMENT '修改人',
  `is_enabled` tinyint UNSIGNED NOT NULL DEFAULT 1 COMMENT '是否启用',
  `is_reviewed` tinyint UNSIGNED NOT NULL DEFAULT 2 COMMENT '是否通过审核',
  PRIMARY KEY (`id`) USING BTREE,
  INDEX `t_classify_id_index`(`id` ASC) USING BTREE
) ENGINE = InnoDB AUTO_INCREMENT = 800002 CHARACTER SET = utf8mb4 COLLATE = utf8mb4_general_ci COMMENT = '类别表' ROW_FORMAT = DYNAMIC;

-- ----------------------------
-- Records of t_classify
-- ----------------------------
INSERT INTO `t_classify` VALUES (100001, '系统资源', 'sys:classify:file', '头像，背景，音乐等', '2025-05-01 21:55:20', '2025-06-13 22:54:08', 999999999999999, 999999999999999, 1, 1);
INSERT INTO `t_classify` VALUES (200001, '生活倒影', 'sys:classify:article', '记录生活中的喜、怒、哀、乐、酸、甜、苦、辣', '2025-05-01 21:55:20', '2025-06-10 18:14:50', 999999999999999, 999999999999999, 1, 1);
INSERT INTO `t_classify` VALUES (200002, '学习人生', 'sys:classify:article', '记录学习中的笔记、趣事、伙伴、有关学习的一切', '2025-05-01 21:55:20', '2025-06-10 18:14:54', 999999999999999, 999999999999999, 1, 1);
INSERT INTO `t_classify` VALUES (200003, '视听盛宴', 'sys:classify:article', '记录游戏，视频，音乐中的点滴', '2025-05-01 21:55:20', '2025-06-10 18:14:57', 999999999999999, 999999999999999, 1, 1);
INSERT INTO `t_classify` VALUES (300001, '部署文档', 'sys:classify:article:deploy', '项目部署文档单独归类', '2025-05-01 21:55:20', '2025-05-01 21:55:20', 999999999999999, 999999999999999, 1, 1);
INSERT INTO `t_classify` VALUES (400001, '链接集', 'sys:classify:website', '友情链接，网站链接', '2025-05-01 21:55:20', '2025-05-01 21:55:20', 999999999999999, 999999999999999, 1, 1);
INSERT INTO `t_classify` VALUES (500001, '图库', 'sys:classify:album', '随手拍的照片，记录', '2025-05-01 21:55:20', '2025-05-01 21:55:20', 999999999999999, 999999999999999, 1, 1);

-- ----------------------------
-- Table structure for t_comment
-- ----------------------------
DROP TABLE IF EXISTS `t_comment`;
CREATE TABLE `t_comment`  (
  `id` bigint UNSIGNED NOT NULL COMMENT '主键',
  `user_id` bigint UNSIGNED NOT NULL COMMENT '用户ID',
  `source_id` bigint UNSIGNED NOT NULL COMMENT '源id（该id和评论id相同时为树洞评论）',
  `floor_id` bigint UNSIGNED NOT NULL COMMENT '楼层评论（该id和评论id相同时无楼层，自己为楼层）',
  `parent_user_id` bigint UNSIGNED NOT NULL COMMENT '父评论用户id（该id和user_id相同时未回复评论，回复楼层评论不算回复）',
  `like_count` int UNSIGNED NOT NULL DEFAULT 0 COMMENT '点赞量',
  `content` varchar(255) CHARACTER SET utf8mb4 COLLATE utf8mb4_general_ci NOT NULL COMMENT '内容 [文字, 图片]',
  `replay_content` varchar(255) CHARACTER SET utf8mb4 COLLATE utf8mb4_general_ci NULL DEFAULT NULL COMMENT '回复内容 [文字, 图片]',
  `create_time` datetime NOT NULL DEFAULT (now()) COMMENT '创建时间',
  PRIMARY KEY (`id`) USING BTREE,
  INDEX `t_comment_user_id_source_id_index`(`user_id` ASC, `source_id` ASC) USING BTREE
) ENGINE = InnoDB CHARACTER SET = utf8mb4 COLLATE = utf8mb4_general_ci COMMENT = '评论表' ROW_FORMAT = DYNAMIC;

-- ----------------------------
-- Table structure for t_diary
-- ----------------------------
DROP TABLE IF EXISTS `t_diary`;
CREATE TABLE `t_diary`  (
  `id` bigint UNSIGNED NOT NULL COMMENT '主键',
  `content` varchar(512) CHARACTER SET utf8mb4 COLLATE utf8mb4_0900_ai_ci NOT NULL COMMENT '内容',
  `title` varchar(32) CHARACTER SET utf8mb4 COLLATE utf8mb4_0900_ai_ci NOT NULL COMMENT '标题',
  `urls` varchar(255) CHARACTER SET utf8mb4 COLLATE utf8mb4_0900_ai_ci NOT NULL COMMENT '图片地址最多6张',
  `year` int UNSIGNED NOT NULL COMMENT '发布年份',
  `month` int UNSIGNED NOT NULL COMMENT '发布月份',
  `like_count` int UNSIGNED NOT NULL DEFAULT 0 COMMENT '点赞数量',
  `view_count` int UNSIGNED NOT NULL DEFAULT 0 COMMENT '浏览数量',
  `comment_count` int UNSIGNED NOT NULL DEFAULT 0 COMMENT '评论数量',
  `create_time` datetime NOT NULL DEFAULT CURRENT_TIMESTAMP COMMENT '创建时间',
  `update_time` datetime NOT NULL DEFAULT CURRENT_TIMESTAMP COMMENT '更新时间',
  `create_by` bigint UNSIGNED NOT NULL COMMENT '创建人',
  `update_by` bigint UNSIGNED NOT NULL COMMENT '修改人',
  `is_recommend` tinyint UNSIGNED NOT NULL DEFAULT 0 COMMENT '是否开启推荐',
  `is_likeable` tinyint UNSIGNED NOT NULL DEFAULT 1 COMMENT '是否开启点赞',
  `is_commentable` tinyint UNSIGNED NOT NULL DEFAULT 1 COMMENT '是否开启评论',
  `is_enabled` tinyint UNSIGNED NOT NULL DEFAULT 1 COMMENT '是否启用',
  `is_reviewed` tinyint UNSIGNED NOT NULL DEFAULT 2 COMMENT '是否通过审核',
  PRIMARY KEY (`id`) USING BTREE
) ENGINE = InnoDB CHARACTER SET = utf8mb4 COLLATE = utf8mb4_0900_ai_ci COMMENT = '随笔随记表' ROW_FORMAT = DYNAMIC;

-- ----------------------------
-- Table structure for t_file
-- ----------------------------
DROP TABLE IF EXISTS `t_file`;
CREATE TABLE `t_file`  (
  `id` bigint UNSIGNED NOT NULL DEFAULT 0,
  `label_id` bigint UNSIGNED NOT NULL COMMENT '标签ID',
  `name` varchar(32) CHARACTER SET utf8mb4 COLLATE utf8mb4_general_ci NOT NULL COMMENT '资源文件名',
  `url` varchar(64) CHARACTER SET utf8mb4 COLLATE utf8mb4_german2_ci NOT NULL COMMENT '链接',
  `size` decimal(10, 2) UNSIGNED NOT NULL COMMENT '大小kb',
  `tags` varchar(64) CHARACTER SET utf8mb4 COLLATE utf8mb4_general_ci NOT NULL COMMENT '标签',
  `create_time` datetime NOT NULL DEFAULT CURRENT_TIMESTAMP COMMENT '创建时间',
  `update_time` datetime NOT NULL DEFAULT CURRENT_TIMESTAMP COMMENT '更新时间',
  `create_by` bigint UNSIGNED NOT NULL COMMENT '创建人',
  `update_by` bigint UNSIGNED NOT NULL COMMENT '修改人',
  `is_enabled` tinyint UNSIGNED NOT NULL DEFAULT 1 COMMENT '是否启用',
  `is_reviewed` tinyint UNSIGNED NOT NULL DEFAULT 2 COMMENT '是否通过审核',
  UNIQUE INDEX `t_resources_id_index`(`id` ASC) USING BTREE
) ENGINE = InnoDB CHARACTER SET = utf8mb4 COLLATE = utf8mb4_general_ci COMMENT = '资源集合表' ROW_FORMAT = DYNAMIC;

-- ----------------------------
-- Records of t_file
-- ----------------------------
INSERT INTO `t_file` VALUES (659175704080389, 10000100002, '田园小屋', '/files/20250327/20250327173241777.webp', 1254.51, '[\"春季\",\"治愈\",\"自然\",\"昼\",\"黄色\",\"绿色\",\"蓝色\"]', '2025-03-27 09:32:51', '2025-03-26 13:08:32', 999999999999999, 999999999999999, 1, 1);
INSERT INTO `t_file` VALUES (659175706128389, 10000100002, '蓝梦-1', '/files/20250327/20250327173239381.webp', 861.12, '[\"女性\",\"游戏\",\"昼\",\"橙色\",\"青色\",\"蓝色\",\"平静\"]', '2025-03-27 09:32:51', '2025-03-26 13:08:32', 999999999999999, 999999999999999, 1, 1);
INSERT INTO `t_file` VALUES (659175708180485, 10000100002, '玉玲珑-1', '/files/20250327/20250327173244284.webp', 1121.82, '[\"女性\",\"游戏\",\"夜\",\"紫色\",\"平静\"]', '2025-03-27 09:32:51', '2025-03-26 13:08:32', 999999999999999, 999999999999999, 1, 1);
INSERT INTO `t_file` VALUES (659176833884165, 10000100002, '神里凌华-1', '/files/20250327/20250327173718255.webp', 1366.67, '[\"乐观\",\"女性\",\"游戏\",\"昼\",\"粉色\"]', '2025-03-27 09:37:26', '2025-03-26 13:08:32', 999999999999999, 999999999999999, 1, 1);
INSERT INTO `t_file` VALUES (659179810619397, 10000100002, '甘雨-1', '/files/20250327/20250327174930092.webp', 198.18, '[\"乐观\",\"女性\",\"游戏\",\"昼\",\"蓝色\"]', '2025-03-27 09:49:33', '2025-03-26 13:08:32', 999999999999999, 999999999999999, 1, 1);
INSERT INTO `t_file` VALUES (659179812667397, 10000100002, '八重神子-1', '/files/20250327/20250327174923589.webp', 229.46, '[\"女性\",\"游戏\",\"昼\",\"粉色\",\"平静\"]', '2025-03-27 09:49:33', '2025-03-26 13:08:32', 999999999999999, 999999999999999, 1, 1);
INSERT INTO `t_file` VALUES (659180104744965, 10000100002, '甘雨-2', '/files/20250327/20250327175033911.webp', 1048.07, '[\"快乐\",\"女性\",\"游戏\",\"科技\",\"昼\",\"蓝色\"]', '2025-03-27 09:50:45', '2025-03-26 13:08:32', 999999999999999, 999999999999999, 1, 1);
INSERT INTO `t_file` VALUES (659183321907205, 10000100002, '人间惊鸿', '/files/20250327/20250327180342799.webp', 379.78, '[\"快乐\",\"女性\",\"昼\",\"橙色\",\"黄色\"]', '2025-03-27 10:03:50', '2025-03-26 13:08:32', 999999999999999, 999999999999999, 1, 1);
INSERT INTO `t_file` VALUES (659223822454789, 10000100002, '待到山花烂漫时', '/files/20250327/20250327204833525.webp', 171.64, '[\"春季\",\"快乐\",\"治愈\",\"女性\",\"昼\",\"粉色\"]', '2025-03-27 12:48:38', '2025-03-26 13:08:32', 999999999999999, 999999999999999, 1, 1);
INSERT INTO `t_file` VALUES (659224296828933, 10000100002, '雪见', '/files/20250327/20250327205020321.webp', 393.54, '[\"女性\",\"昼\",\"蓝色\",\"平静\"]', '2025-03-27 12:50:34', '2025-03-26 13:08:32', 999999999999999, 999999999999999, 1, 1);
INSERT INTO `t_file` VALUES (659224735285253, 10000100002, '宫崎骏-1', '/files/20250327/20250327205212718.webp', 288.72, '[\"治愈\",\"影视\",\"昼\",\"橙色\",\"黄色\",\"绿色\",\"蓝色\"]', '2025-03-27 12:52:22', '2025-03-26 13:08:32', 999999999999999, 999999999999999, 1, 1);
INSERT INTO `t_file` VALUES (659224737333253, 10000100002, '彩玉', '/files/20250327/20250327205214734.webp', 151.07, '[\"乐观\",\"治愈\",\"女性\",\"昼\",\"青色\"]', '2025-03-27 12:52:22', '2025-03-26 13:08:32', 999999999999999, 999999999999999, 1, 1);
INSERT INTO `t_file` VALUES (659224739385349, 10000100002, '甘雨-3', '/files/20250327/20250327205217775.webp', 427.24, '[\"女性\",\"游戏\",\"科技\",\"夜\",\"蓝色\"]', '2025-03-27 12:52:22', '2025-03-26 13:08:32', 999999999999999, 999999999999999, 1, 1);
INSERT INTO `t_file` VALUES (659225428615173, 10000100002, '顾清寒-1', '/files/20250327/20250327205506421.webp', 730.98, '[\"女性\",\"游戏\",\"昼\",\"黄色\",\"平静\"]', '2025-03-27 12:55:10', '2025-03-26 13:08:32', 999999999999999, 999999999999999, 1, 1);
INSERT INTO `t_file` VALUES (659225668177925, 10000100002, '长安', '/files/20250327/20250327205559028.webp', 223.22, '[\"忧郁\",\"女性\",\"夜\"]', '2025-03-27 12:56:09', '2025-03-26 13:08:32', 999999999999999, 999999999999999, 1, 1);
INSERT INTO `t_file` VALUES (659225908416517, 10000100002, '吹雪', '/files/20250327/20250327205703868.webp', 232.86, '[\"快乐\",\"治愈\",\"女性\",\"昼\",\"蓝色\"]', '2025-03-27 12:57:07', '2025-03-26 13:08:32', 999999999999999, 999999999999999, 1, 1);
INSERT INTO `t_file` VALUES (659226296545285, 10000100002, '甘雨-4', '/files/20250327/20250327205836110.webp', 206.35, '[\"乐观\",\"女性\",\"游戏\",\"昼\",\"蓝色\"]', '2025-03-27 12:58:43', '2025-03-26 13:08:32', 999999999999999, 999999999999999, 1, 1);
INSERT INTO `t_file` VALUES (659226298593285, 10000100002, '金克丝-1', '/files/20250327/20250327205838157.webp', 153.59, '[\"女性\",\"昼\",\"蓝色\",\"平静\"]', '2025-03-27 12:58:43', '2025-03-26 13:08:32', 999999999999999, 999999999999999, 1, 1);
INSERT INTO `t_file` VALUES (659226300641285, 10000100002, '唯美琴师', '/files/20250327/20250327205840068.webp', 243.10, '[\"孤独\",\"女性\",\"夜\",\"蓝色\"]', '2025-03-27 12:58:43', '2025-03-26 13:08:32', 999999999999999, 999999999999999, 1, 1);
INSERT INTO `t_file` VALUES (659226992594949, 10000100002, '胡桃-1', '/files/20250327/20250327210124642.webp', 569.14, '[\"女性\",\"游戏\",\"夜\",\"红色\",\"快乐\"]', '2025-03-27 13:01:33', '2025-03-26 13:08:32', 999999999999999, 999999999999999, 1, 1);
INSERT INTO `t_file` VALUES (659226994642949, 10000100002, '白发冰晶', '/files/20250327/20250327210129319.webp', 158.05, '[\"女性\",\"昼\",\"黄色\",\"平静\"]', '2025-03-27 13:01:33', '2025-03-26 13:08:32', 999999999999999, 999999999999999, 1, 1);
INSERT INTO `t_file` VALUES (659226996695045, 10000100002, '金蝶', '/files/20250327/20250327210127345.webp', 359.52, '[\"女性\",\"昼\",\"橙色\",\"黄色\",\"平静\"]', '2025-03-27 13:01:33', '2025-03-26 13:08:32', 999999999999999, 999999999999999, 1, 1);
INSERT INTO `t_file` VALUES (659227727568901, 10000100002, '甘雨-5', '/files/20250327/20250327210429223.webp', 518.39, '[\"女性\",\"游戏\",\"夜\",\"蓝色\",\"平静\"]', '2025-03-27 13:04:32', '2025-03-26 13:08:32', 999999999999999, 999999999999999, 1, 1);
INSERT INTO `t_file` VALUES (659227729620997, 10000100002, '黑神话-1', '/files/20250327/20250327210422528.webp', 213.53, '[\"男性\",\"游戏\",\"夜\",\"紫色\"]', '2025-03-27 13:04:32', '2025-03-26 13:08:32', 999999999999999, 999999999999999, 1, 1);
INSERT INTO `t_file` VALUES (659227731668997, 10000100002, '天使', '/files/20250327/20250327210425018.webp', 185.14, '[\"女性\",\"昼\",\"平静\"]', '2025-03-27 13:04:32', '2025-03-26 13:08:32', 999999999999999, 999999999999999, 1, 1);
INSERT INTO `t_file` VALUES (659228994072581, 10000100002, '女孩', '/files/20250327/20250327210938769.webp', 482.73, '[\"女性\",\"昼\",\"青色\",\"蓝色\",\"平静\"]', '2025-03-27 13:09:41', '2025-03-26 13:08:32', 999999999999999, 999999999999999, 1, 1);
INSERT INTO `t_file` VALUES (659230841069573, 10000100002, '黑神话-2', '/files/20250327/20250327211703622.webp', 719.33, '[\"男性\",\"游戏\",\"夜\"]', '2025-03-27 13:17:12', '2025-03-26 13:08:32', 999999999999999, 999999999999999, 1, 1);
INSERT INTO `t_file` VALUES (659231534895109, 10000100002, '恶灵骑士-1', '/files/20250327/20250327211950700.webp', 1093.66, '[\"影视\",\"夜\",\"红色\",\"黄色\",\"男性\"]', '2025-03-27 13:20:02', '2025-03-26 13:08:32', 999999999999999, 999999999999999, 1, 1);
INSERT INTO `t_file` VALUES (659231536947205, 10000100002, '芙宁娜-1', '/files/20250327/20250327211954063.webp', 187.96, '[\"治愈\",\"女性\",\"游戏\",\"昼\",\"蓝色\"]', '2025-03-27 13:20:02', '2025-03-26 13:08:32', 999999999999999, 999999999999999, 1, 1);
INSERT INTO `t_file` VALUES (659231538995205, 10000100002, '黑神话-3', '/files/20250327/20250327211958412.webp', 182.86, '[\"孤独\",\"男性\",\"游戏\",\"夜\"]', '2025-03-27 13:20:02', '2025-03-26 13:08:32', 999999999999999, 999999999999999, 1, 1);
INSERT INTO `t_file` VALUES (659231541043205, 10000100002, '宫崎骏-2', '/files/20250327/20250327211956031.webp', 935.30, '[\"治愈\",\"影视\",\"昼\",\"绿色\"]', '2025-03-27 13:20:02', '2025-03-26 13:08:32', 999999999999999, 999999999999999, 1, 1);
INSERT INTO `t_file` VALUES (659231901380613, 10000100002, '宫崎骏-3', '/files/20250327/20250327212127484.webp', 560.46, '[\"春季\",\"乐观\",\"治愈\",\"影视\",\"昼\",\"绿色\",\"蓝色\"]', '2025-03-27 13:21:33', '2025-03-26 13:08:32', 999999999999999, 999999999999999, 1, 1);
INSERT INTO `t_file` VALUES (659231905476613, 10000100002, '狐狸少女', '/files/20250327/20250327212119191.webp', 280.56, '[\"悲伤\",\"女性\",\"昼\"]', '2025-03-27 13:21:33', '2025-03-26 13:08:32', 999999999999999, 999999999999999, 1, 1);
INSERT INTO `t_file` VALUES (659231907524613, 10000100002, '女孩', '/files/20250714/20250714162640717.webp', 508.00, '[\"夜\",\"女性\",\"平静\",\"蓝色\"]', '2025-03-27 13:21:33', '2025-07-14 16:31:46', 999999999999999, 999999999999999, 1, 1);
INSERT INTO `t_file` VALUES (659231909576709, 10000100002, '幻想艺术树', '/files/20250327/20250327212121302.webp', 1084.61, '[\"科技\",\"自然\",\"夜\",\"红色\"]', '2025-03-27 13:21:33', '2025-03-26 13:08:32', 999999999999999, 999999999999999, 1, 1);
INSERT INTO `t_file` VALUES (659231911624709, 10000100002, '高达-1', '/files/20250327/20250327212125752.webp', 293.75, '[\"科技\",\"昼\"]', '2025-03-27 13:21:33', '2025-03-26 13:08:32', 999999999999999, 999999999999999, 1, 1);
INSERT INTO `t_file` VALUES (659232216055813, 10000100002, '宫崎骏-4', '/files/20250327/20250327212232777.webp', 920.48, '[\"治愈\",\"影视\",\"昼\",\"红色\",\"黄色\",\"绿色\",\"青色\",\"蓝色\"]', '2025-03-27 13:22:49', '2025-03-26 13:08:32', 999999999999999, 999999999999999, 1, 1);
INSERT INTO `t_file` VALUES (659232218103813, 10000100002, '金克丝-2', '/files/20250327/20250327212237154.webp', 116.64, '[\"女性\",\"游戏\",\"昼\",\"蓝色\",\"平静\"]', '2025-03-27 13:22:49', '2025-03-26 13:08:32', 999999999999999, 999999999999999, 1, 1);
INSERT INTO `t_file` VALUES (659232220151813, 10000100002, '看书少女', '/files/20250327/20250327212239377.webp', 124.42, '[\"治愈\",\"女性\",\"昼\",\"平静\"]', '2025-03-27 13:22:49', '2025-03-26 13:08:32', 999999999999999, 999999999999999, 1, 1);
INSERT INTO `t_file` VALUES (659232222203909, 10000100002, '神里凌华-2', '/files/20250327/20250327212244410.webp', 186.11, '[\"快乐\",\"女性\",\"游戏\",\"昼\",\"粉色\"]', '2025-03-27 13:22:49', '2025-03-26 13:08:32', 999999999999999, 999999999999999, 1, 1);
INSERT INTO `t_file` VALUES (659232724295685, 10000100002, '长发女孩', '/files/20250327/20250327212439714.webp', 112.42, '[\"治愈\",\"女性\",\"昼\"]', '2025-03-27 13:24:53', '2025-03-26 13:08:32', 999999999999999, 999999999999999, 1, 1);
INSERT INTO `t_file` VALUES (659232726347781, 10000100002, '盲女-1', '/files/20250327/20250327212443037.webp', 120.09, '[\"女性\",\"昼\",\"蓝色\",\"平静\"]', '2025-03-27 13:24:53', '2025-03-26 13:08:32', 999999999999999, 999999999999999, 1, 1);
INSERT INTO `t_file` VALUES (659232728395781, 10000100002, '海边小屋', '/files/20250327/20250327212445336.webp', 791.29, '[\"春季\",\"治愈\",\"自然\",\"昼\",\"绿色\",\"蓝色\"]', '2025-03-27 13:24:53', '2025-03-26 13:08:32', 999999999999999, 999999999999999, 1, 1);
INSERT INTO `t_file` VALUES (659232730443781, 10000100002, '美少女', '/files/20250327/20250327212447462.webp', 289.74, '[\"女性\",\"夜\",\"红色\",\"绿色\",\"粉色\",\"平静\"]', '2025-03-27 13:24:53', '2025-03-26 13:08:32', 999999999999999, 999999999999999, 1, 1);
INSERT INTO `t_file` VALUES (659233364623365, 10000100002, '夕阳田园小屋', '/files/20250327/20250327212712218.webp', 373.12, '[\"自然\",\"昼\",\"绿色\",\"春季\",\"治愈\"]', '2025-03-27 13:27:31', '2025-03-26 13:08:32', 999999999999999, 999999999999999, 1, 1);
INSERT INTO `t_file` VALUES (659233366675461, 10000100002, '宇航员-1', '/files/20250327/20250327212703862.webp', 197.25, '[\"科技\",\"夜\"]', '2025-03-27 13:27:31', '2025-03-26 13:08:32', 999999999999999, 999999999999999, 1, 1);
INSERT INTO `t_file` VALUES (659233368723461, 10000100002, '女孩和小猫', '/files/20250327/20250327212710382.webp', 298.49, '[\"快乐\",\"治愈\",\"女性\",\"昼\",\"蓝色\",\"粉色\"]', '2025-03-27 13:27:31', '2025-03-26 13:08:32', 999999999999999, 999999999999999, 1, 1);
INSERT INTO `t_file` VALUES (659233370771461, 10000100002, '宇航员-2', '/files/20250327/20250327212725636.webp', 234.12, '[\"科技\",\"夜\"]', '2025-03-27 13:27:31', '2025-03-26 13:08:32', 999999999999999, 999999999999999, 1, 1);
INSERT INTO `t_file` VALUES (659233372819461, 10000100002, '阳光下的女孩', '/files/20250327/20250327212721174.webp', 133.57, '[\"女性\",\"昼\",\"忧郁\"]', '2025-03-27 13:27:31', '2025-03-26 13:08:32', 999999999999999, 999999999999999, 1, 1);
INSERT INTO `t_file` VALUES (659233374871557, 10000100002, '水下可爱微笑女孩', '/files/20250327/20250327212707998.webp', 309.01, '[\"快乐\",\"治愈\",\"女性\",\"昼\",\"蓝色\"]', '2025-03-27 13:27:31', '2025-03-26 13:08:32', 999999999999999, 999999999999999, 1, 1);
INSERT INTO `t_file` VALUES (659233376919557, 10000100002, '寻梦环游记', '/files/20250327/20250327212717923.webp', 1313.59, '[\"乐观\",\"治愈\",\"男性\",\"影视\",\"夜\",\"橙色\"]', '2025-03-27 13:27:31', '2025-03-26 13:08:32', 999999999999999, 999999999999999, 1, 1);
INSERT INTO `t_file` VALUES (659233517527045, 10000100002, '卡通房车杂货店', '/files/20250327/20250327212802850.webp', 499.43, '[\"治愈\",\"科技\",\"昼\",\"青色\"]', '2025-03-27 13:28:05', '2025-03-26 13:08:32', 999999999999999, 999999999999999, 1, 1);
INSERT INTO `t_file` VALUES (659234899025925, 10000100002, '宫崎骏-5', '/files/20250327/20250327213320262.webp', 1018.55, '[\"乐观\",\"治愈\",\"影视\",\"昼\",\"橙色\",\"黄色\",\"绿色\"]', '2025-03-27 13:33:43', '2025-03-26 13:08:32', 999999999999999, 999999999999999, 1, 1);
INSERT INTO `t_file` VALUES (659234903121925, 10000100002, '宫崎骏-7', '/files/20250327/20250327213334830.webp', 1271.94, '[\"昼\",\"乐观\",\"治愈\",\"影视\",\"红色\",\"橙色\",\"黄色\",\"绿色\",\"蓝色\"]', '2025-03-27 13:33:43', '2025-03-26 13:08:32', 999999999999999, 999999999999999, 1, 1);
INSERT INTO `t_file` VALUES (659235181424645, 10000100002, '宫崎骏-9', '/files/20250327/20250327213447945.webp', 177.47, '[\"乐观\",\"男性\",\"影视\",\"昼\",\"绿色\",\"蓝色\"]', '2025-03-27 13:34:52', '2025-03-26 13:08:32', 999999999999999, 999999999999999, 1, 1);
INSERT INTO `t_file` VALUES (659235183476741, 10000100002, '宫崎骏-哈尔的移动城堡-1', '/files/20250327/20250327213445946.webp', 193.51, '[\"乐观\",\"治愈\",\"影视\",\"昼\",\"黄色\",\"绿色\",\"女性\",\"男性\"]', '2025-03-27 13:34:52', '2025-03-26 13:08:32', 999999999999999, 999999999999999, 1, 1);
INSERT INTO `t_file` VALUES (659235485290501, 10000100002, '宫崎骏-起风了-3', '/files/20250327/20250327213554946.webp', 487.72, '[\"乐观\",\"影视\",\"昼\",\"绿色\",\"蓝色\",\"黄色\",\"女性\",\"男性\"]', '2025-03-27 13:36:07', '2025-03-26 13:08:32', 999999999999999, 999999999999999, 1, 1);
INSERT INTO `t_file` VALUES (659235487342597, 10000100002, '宫崎骏-红猪-1', '/files/20250327/20250327213558967.webp', 599.27, '[\"昼\",\"乐观\",\"治愈\",\"影视\",\"黄色\",\"女性\",\"男性\"]', '2025-03-27 13:36:07', '2025-03-26 13:08:32', 999999999999999, 999999999999999, 1, 1);
INSERT INTO `t_file` VALUES (659235489390597, 10000100002, '宫崎骏-哈尔的移动城堡-2', '/files/20250327/20250327213553358.webp', 153.31, '[\"乐观\",\"治愈\",\"影视\",\"昼\",\"蓝色\",\"女性\",\"男性\"]', '2025-03-27 13:36:07', '2025-03-26 13:08:32', 999999999999999, 999999999999999, 1, 1);
INSERT INTO `t_file` VALUES (659235491438597, 10000100002, '宫崎骏-起风了-1', '/files/20250327/20250327213601156.webp', 197.33, '[\"春季\",\"乐观\",\"男性\",\"影视\",\"昼\",\"绿色\",\"蓝色\"]', '2025-03-27 13:36:07', '2025-03-26 13:08:32', 999999999999999, 999999999999999, 1, 1);
INSERT INTO `t_file` VALUES (659235493490693, 10000100002, '宫崎骏-红猪-2', '/files/20250327/20250327213603391.webp', 336.71, '[\"乐观\",\"治愈\",\"男性\",\"影视\",\"昼\",\"黄色\",\"蓝色\"]', '2025-03-27 13:36:07', '2025-03-26 13:08:32', 999999999999999, 999999999999999, 1, 1);
INSERT INTO `t_file` VALUES (659236847362053, 10000100002, '宫崎骏-哈尔的移动城堡-3', '/files/20250327/20250327214131275.webp', 140.90, '[\"乐观\",\"治愈\",\"影视\",\"夜\",\"女性\",\"男性\"]', '2025-03-27 13:41:39', '2025-03-26 13:08:32', 999999999999999, 999999999999999, 1, 1);
INSERT INTO `t_file` VALUES (659236849410053, 10000100002, '宫崎骏-哈尔的移动城堡-4', '/files/20250327/20250327214133244.webp', 207.32, '[\"乐观\",\"治愈\",\"女性\",\"男性\",\"影视\",\"夜\",\"蓝色\"]', '2025-03-27 13:41:39', '2025-03-26 13:08:32', 999999999999999, 999999999999999, 1, 1);
INSERT INTO `t_file` VALUES (659236851458053, 10000100002, '宫崎骏-哈尔的移动城堡-5', '/files/20250327/20250327214135437.webp', 308.60, '[\"乐观\",\"治愈\",\"影视\",\"昼\",\"红色\",\"蓝色\",\"女性\",\"男性\"]', '2025-03-27 13:41:39', '2025-03-26 13:08:32', 999999999999999, 999999999999999, 1, 1);
INSERT INTO `t_file` VALUES (659236853510149, 10000100002, '宫崎骏-哈尔的移动城堡-6', '/files/20250327/20250327214129137.webp', 630.02, '[\"乐观\",\"治愈\",\"影视\",\"昼\",\"绿色\",\"女性\",\"男性\"]', '2025-03-27 13:41:39', '2025-03-26 13:08:32', 999999999999999, 999999999999999, 1, 1);
INSERT INTO `t_file` VALUES (659239089393669, 10000100002, '宫崎骏-起风了-2', '/files/20250327/20250327215041037.webp', 432.14, '[\"乐观\",\"治愈\",\"女性\",\"影视\",\"昼\",\"绿色\",\"蓝色\"]', '2025-03-27 13:50:46', '2025-03-26 13:08:32', 999999999999999, 999999999999999, 1, 1);
INSERT INTO `t_file` VALUES (659239091445765, 10000100002, '宫崎骏-崖上的波妞-1', '/files/20250327/20250327215042845.webp', 331.72, '[\"乐观\",\"治愈\",\"女性\",\"男性\",\"影视\",\"昼\",\"绿色\",\"蓝色\"]', '2025-03-27 13:50:46', '2025-03-26 13:08:32', 999999999999999, 999999999999999, 1, 1);
INSERT INTO `t_file` VALUES (659241068146693, 10000100002, '宫崎骏-幽灵公主-1', '/files/20250327/20250327215839776.webp', 136.94, '[\"女性\",\"影视\",\"昼\",\"红色\",\"悲伤\"]', '2025-03-27 13:58:50', '2025-03-26 13:08:32', 999999999999999, 999999999999999, 1, 1);
INSERT INTO `t_file` VALUES (659241070194693, 10000100002, '宫崎骏-幽灵公主-2', '/files/20250327/20250327215842382.webp', 158.68, '[\"女性\",\"影视\",\"昼\",\"红色\",\"平静\"]', '2025-03-27 13:58:50', '2025-03-26 13:08:32', 999999999999999, 999999999999999, 1, 1);
INSERT INTO `t_file` VALUES (659241072242693, 10000100002, '宫崎骏-幽灵公主-3', '/files/20250327/20250327215838214.webp', 398.96, '[\"治愈\",\"女性\",\"影视\",\"昼\",\"绿色\",\"青色\"]', '2025-03-27 13:58:50', '2025-03-26 13:08:32', 999999999999999, 999999999999999, 1, 1);
INSERT INTO `t_file` VALUES (659241074294789, 10000100002, '宫崎骏-幽灵公主-4', '/files/20250327/20250327215845085.webp', 139.26, '[\"治愈\",\"女性\",\"男性\",\"影视\",\"昼\",\"蓝色\"]', '2025-03-27 13:58:50', '2025-03-26 13:08:32', 999999999999999, 999999999999999, 1, 1);
INSERT INTO `t_file` VALUES (659241193922565, 10000100002, '宫崎骏-幽灵公主-5', '/files/20250327/20250327215916860.webp', 125.17, '[\"快乐\",\"治愈\",\"女性\",\"影视\",\"昼\",\"蓝色\"]', '2025-03-27 13:59:19', '2025-03-26 13:08:32', 999999999999999, 999999999999999, 1, 1);
INSERT INTO `t_file` VALUES (662399872655365, 10000100002, '少女-1', '/files/20250405/20250405201141045.webp', 280.06, '[\"女性\",\"昼\",\"粉色\",\"平静\"]', '2025-04-05 12:12:04', '2025-03-26 13:08:32', 999999999999999, 999999999999999, 1, 1);
INSERT INTO `t_file` VALUES (662399874703365, 10000100002, '宇航员-3', '/files/20250405/20250405201146359.webp', 602.04, '[\"孤独\",\"女性\",\"科技\",\"夜\"]', '2025-04-05 12:12:04', '2025-03-26 13:08:32', 999999999999999, 999999999999999, 1, 1);
INSERT INTO `t_file` VALUES (662399876751365, 10000100002, ' 少女-2', '/files/20250405/20250405201137868.webp', 815.65, '[\"快乐\",\"女性\",\"夜\",\"紫色\"]', '2025-04-05 12:12:04', '2025-03-26 13:08:32', 999999999999999, 999999999999999, 1, 1);
INSERT INTO `t_file` VALUES (662399878803461, 10000100002, '少女-3', '/files/20250405/20250405201149466.webp', 589.03, '[\"悲伤\",\"女性\",\"科技\",\"夜\"]', '2025-04-05 12:12:04', '2025-03-26 13:08:32', 999999999999999, 999999999999999, 1, 1);
INSERT INTO `t_file` VALUES (662399880851461, 10000100002, '田园生活', '/files/20250405/20250405201143311.webp', 653.43, '[\"治愈\",\"男性\",\"自然\",\"昼\",\"绿色\",\"蓝色\",\"春季\"]', '2025-04-05 12:12:04', '2025-03-26 13:08:32', 999999999999999, 999999999999999, 1, 1);
INSERT INTO `t_file` VALUES (662399882899461, 10000100002, '男孩-1', '/files/20250405/20250405201157844.webp', 649.82, '[\"悲伤\",\"男性\",\"夜\"]', '2025-04-05 12:12:04', '2025-03-26 13:08:32', 999999999999999, 999999999999999, 1, 1);
INSERT INTO `t_file` VALUES (662399884947461, 10000100002, '关于爱情-1', '/files/20250405/20250405201134870.webp', 307.03, '[\"女性\",\"男性\",\"科技\",\"夜\",\"粉色\"]', '2025-04-05 12:12:04', '2025-03-26 13:08:32', 999999999999999, 999999999999999, 1, 1);
INSERT INTO `t_file` VALUES (662399886999557, 10000100002, '少女-4', '/files/20250405/20250405201132032.webp', 120.19, '[\"女性\",\"昼\",\"蓝色\",\"平静\"]', '2025-04-05 12:12:04', '2025-03-26 13:08:32', 999999999999999, 999999999999999, 1, 1);
INSERT INTO `t_file` VALUES (662400307953669, 10000100002, '自然风景-1', '/files/20250405/20250405201320371.webp', 509.29, '[\"夏季\",\"治愈\",\"自然\",\"昼\",\"蓝色\",\"粉色\"]', '2025-04-05 12:13:51', '2025-03-26 13:08:32', 999999999999999, 999999999999999, 1, 1);
INSERT INTO `t_file` VALUES (662400310005765, 10000100002, '少女-5', '/files/20250405/20250405201332510.webp', 363.42, '[\"悲伤\",\"女性\",\"夜\"]', '2025-04-05 12:13:51', '2025-03-26 13:08:32', 999999999999999, 999999999999999, 1, 1);
INSERT INTO `t_file` VALUES (662400312053765, 10000100002, '少女-6', '/files/20250405/20250405201317404.webp', 351.32, '[\"女性\",\"昼\",\"黄色\",\"平静\"]', '2025-04-05 12:13:51', '2025-03-26 13:08:32', 999999999999999, 999999999999999, 1, 1);
INSERT INTO `t_file` VALUES (662400314101765, 10000100002, '少女-7', '/files/20250405/20250405201323828.webp', 138.10, '[\"女性\",\"夜\",\"平静\"]', '2025-04-05 12:13:51', '2025-03-26 13:08:32', 999999999999999, 999999999999999, 1, 1);
INSERT INTO `t_file` VALUES (662400316149765, 10000100002, '少女-8', '/files/20250405/20250405201327030.webp', 413.44, '[\"夏季\",\"忧郁\",\"女性\",\"昼\",\"红色\"]', '2025-04-05 12:13:51', '2025-03-26 13:08:32', 999999999999999, 999999999999999, 1, 1);
INSERT INTO `t_file` VALUES (662400318201861, 10000100002, '自然风景-2', '/files/20250405/20250405201329777.webp', 684.23, '[\"夏季\",\"治愈\",\"自然\",\"昼\",\"红色\",\"粉色\"]', '2025-04-05 12:13:51', '2025-03-26 13:08:32', 999999999999999, 999999999999999, 1, 1);
INSERT INTO `t_file` VALUES (662400320249861, 10000100002, '少女-9', '/files/20250405/20250405201335226.webp', 404.01, '[\"平静\",\"女性\",\"昼\",\"红色\",\"黄色\",\"蓝色\",\"紫色\"]', '2025-04-05 12:13:51', '2025-03-26 13:08:32', 999999999999999, 999999999999999, 1, 1);
INSERT INTO `t_file` VALUES (662400322297861, 10000100002, '少女-10', '/files/20250405/20250405201314710.webp', 149.78, '[\"平静\",\"女性\",\"夜\"]', '2025-04-05 12:13:51', '2025-03-26 13:08:32', 999999999999999, 999999999999999, 1, 1);
INSERT INTO `t_file` VALUES (662400324349957, 10000100002, '少女-11', '/files/20250405/20250405201338486.webp', 807.62, '[\"快乐\",\"女性\",\"昼\",\"红色\"]', '2025-04-05 12:13:51', '2025-03-26 13:08:32', 999999999999999, 999999999999999, 1, 1);
INSERT INTO `t_file` VALUES (662400766984197, 10000100002, '宇航员-4', '/files/20250405/20250405201516238.webp', 442.25, '[\"平静\",\"女性\",\"夜\"]', '2025-04-05 12:15:43', '2025-03-26 13:08:32', 999999999999999, 999999999999999, 1, 1);
INSERT INTO `t_file` VALUES (662400775180293, 10000100002, '少女-12', '/files/20250405/20250405201527589.webp', 231.10, '[\"快乐\",\"女性\",\"夜\",\"蓝色\"]', '2025-04-05 12:15:43', '2025-03-26 13:08:32', 999999999999999, 999999999999999, 1, 1);
INSERT INTO `t_file` VALUES (662400779276293, 10000100002, '少女-13', '/files/20250405/20250405201530079.webp', 187.30, '[\"孤独\",\"女性\",\"夜\",\"粉色\"]', '2025-04-05 12:15:43', '2025-03-26 13:08:32', 999999999999999, 999999999999999, 1, 1);
INSERT INTO `t_file` VALUES (698853493395461, 10000100001, '女孩头像-1', '/files/20250717/20250717202130073.webp', 291.00, '[\"夜\",\"女性\",\"忧郁\"]', '2025-07-17 20:22:25', '2025-07-17 20:24:56', 999999999999999, 999999999999999, 1, 1);
INSERT INTO `t_file` VALUES (698853495443461, 10000100001, '男孩头像-1', '/files/20250717/20250717202138424.webp', 276.00, '[\"夜\",\"孤独\",\"男性\"]', '2025-07-17 20:22:25', '2025-07-17 20:43:55', 999999999999999, 999999999999999, 1, 1);
INSERT INTO `t_file` VALUES (698853497495557, 10000100001, '男孩动漫头像-1', '/files/20250717/20250717202155307.webp', 189.00, '[\"夜\",\"忧郁\",\"男性\"]', '2025-07-17 20:22:25', '2025-07-17 20:43:59', 999999999999999, 999999999999999, 1, 1);
INSERT INTO `t_file` VALUES (698853499543557, 10000100001, '少女头像-1', '/files/20250717/20250717202206220.webp', 516.00, '[\"女性\",\"快乐\",\"昼\"]', '2025-07-17 20:22:25', '2025-07-17 20:44:05', 999999999999999, 999999999999999, 1, 1);
INSERT INTO `t_file` VALUES (698853501591557, 10000100001, '动物头像-1', '/files/20250717/20250717202144509.webp', 315.00, '[\"动物\",\"昼\",\"治愈\",\"红色\",\"黄色\"]', '2025-07-17 20:22:25', '2025-07-17 20:44:09', 999999999999999, 999999999999999, 1, 1);
INSERT INTO `t_file` VALUES (698853503639557, 10000100001, '男孩动漫头像-2', '/files/20250717/20250717202200052.webp', 174.00, '[\"夜\",\"平静\",\"男性\"]', '2025-07-17 20:22:25', '2025-07-17 20:44:13', 999999999999999, 999999999999999, 1, 1);
INSERT INTO `t_file` VALUES (698853505691653, 10000100001, '少女头像-2', '/files/20250717/20250717202202848.webp', 525.00, '[\"女性\",\"快乐\",\"昼\",\"红色\",\"蓝色\",\"黄色\"]', '2025-07-17 20:22:25', '2025-07-17 20:44:17', 999999999999999, 999999999999999, 1, 1);
INSERT INTO `t_file` VALUES (698853507739653, 10000100001, '动物头像-2', '/files/20250717/20250717202147225.webp', 444.00, '[\"动物\",\"昼\",\"黄色\"]', '2025-07-17 20:22:25', '2025-07-17 20:44:21', 999999999999999, 999999999999999, 1, 1);
INSERT INTO `t_file` VALUES (698853509787653, 10000100001, '少年头像-1', '/files/20250717/20250717202208087.webp', 630.00, '[\"夜\",\"平静\",\"男性\",\"绿色\"]', '2025-07-17 20:22:25', '2025-07-17 20:44:27', 999999999999999, 999999999999999, 1, 1);
INSERT INTO `t_file` VALUES (698853511839749, 10000100001, '女孩头像-2', '/files/20250717/20250717202133736.webp', 627.00, '[\"女性\",\"快乐\",\"昼\",\"红色\"]', '2025-07-17 20:22:25', '2025-07-17 20:44:31', 999999999999999, 999999999999999, 1, 1);
INSERT INTO `t_file` VALUES (698853513887749, 10000100001, '男孩头像-2', '/files/20250717/20250717202141020.webp', 176.00, '[\"夜\",\"平静\",\"男性\"]', '2025-07-17 20:22:25', '2025-07-17 20:44:35', 999999999999999, 999999999999999, 1, 1);
INSERT INTO `t_file` VALUES (698853515935749, 10000100001, '男孩头像-3', '/files/20250717/20250717202141665.webp', 338.00, '[\"夜\",\"孤独\",\"男性\"]', '2025-07-17 20:22:25', '2025-07-17 20:44:39', 999999999999999, 999999999999999, 1, 1);
INSERT INTO `t_file` VALUES (698853517983749, 10000100001, '男孩头像-4', '/files/20250717/20250717202137295.webp', 271.00, '[\"平静\",\"忧郁\",\"昼\",\"男性\",\"蓝色\"]', '2025-07-17 20:22:25', '2025-07-17 20:44:45', 999999999999999, 999999999999999, 1, 1);
INSERT INTO `t_file` VALUES (698853520035845, 10000100001, '女孩动漫头像-1', '/files/20250717/20250717202149877.webp', 241.00, '[\"女性\",\"平静\",\"昼\"]', '2025-07-17 20:22:25', '2025-07-17 20:44:52', 999999999999999, 999999999999999, 1, 1);
INSERT INTO `t_file` VALUES (698853522083845, 10000100001, '女孩动漫头像-2', '/files/20250717/20250717202150751.webp', 529.00, '[\"女性\",\"快乐\",\"昼\",\"蓝色\",\"青色\"]', '2025-07-17 20:22:25', '2025-07-17 20:45:01', 999999999999999, 999999999999999, 1, 1);
INSERT INTO `t_file` VALUES (698853524131845, 10000100001, '女孩头像-3', '/files/20250717/20250717202135324.webp', 770.00, '[\"女性\",\"平静\",\"春季\",\"昼\",\"绿色\"]', '2025-07-17 20:22:25', '2025-07-17 20:36:11', 999999999999999, 999999999999999, 1, 1);
INSERT INTO `t_file` VALUES (698853526179845, 10000100001, '男孩动漫头像-3', '/files/20250717/20250717202153396.webp', 600.00, '[\"平静\",\"昼\",\"男性\",\"青色\"]', '2025-07-17 20:22:25', '2025-07-17 20:33:02', 999999999999999, 999999999999999, 1, 1);
INSERT INTO `t_file` VALUES (698853528231941, 10000100001, '动物头像-3', '/files/20250717/20250717202145571.webp', 373.00, '[\"动物\",\"昼\",\"橙色\",\"治愈\"]', '2025-07-17 20:22:25', '2025-07-17 20:40:57', 999999999999999, 999999999999999, 1, 1);
INSERT INTO `t_file` VALUES (698853530279941, 10000100001, '女孩动漫头像-3', '/files/20250717/20250717202156567.webp', 318.00, '[\"女性\",\"平静\",\"昼\",\"紫色\"]', '2025-07-17 20:22:25', '2025-07-17 20:36:37', 999999999999999, 999999999999999, 1, 1);
INSERT INTO `t_file` VALUES (698853532327941, 10000100001, '女孩动漫头像-4', '/files/20250717/20250717202152281.webp', 336.00, '[\"女性\",\"平静\",\"蓝色\"]', '2025-07-17 20:22:25', '2025-07-17 20:37:15', 999999999999999, 999999999999999, 1, 1);
INSERT INTO `t_file` VALUES (698853534380037, 10000100001, '女孩头像-4', '/files/20250717/20250717202127505.webp', 754.00, '[\"女性\",\"快乐\",\"昼\"]', '2025-07-17 20:22:25', '2025-07-17 20:27:55', 999999999999999, 999999999999999, 1, 1);
INSERT INTO `t_file` VALUES (698853536428037, 10000100001, '男孩头像-5', '/files/20250717/20250717202139850.webp', 207.00, '[\"夜\",\"孤独\",\"男性\"]', '2025-07-17 20:22:25', '2025-07-17 20:33:35', 999999999999999, 999999999999999, 1, 1);
INSERT INTO `t_file` VALUES (698853538476037, 10000100001, '少年头像-2', '/files/20250717/20250717202204594.webp', 314.00, '[\"平静\",\"昼\",\"男性\",\"紫色\"]', '2025-07-17 20:22:25', '2025-07-17 20:43:37', 999999999999999, 999999999999999, 1, 1);
INSERT INTO `t_file` VALUES (698853540524037, 10000100001, '男孩动漫头像-4', '/files/20250717/20250717202201402.webp', 254.00, '[\"平静\",\"男性\",\"粉色\"]', '2025-07-17 20:22:25', '2025-07-17 20:34:11', 999999999999999, 999999999999999, 1, 1);
INSERT INTO `t_file` VALUES (698853542576133, 10000100001, '动物头像-4', '/files/20250717/20250717202142860.webp', 503.00, '[\"动物\",\"夜\",\"快乐\",\"治愈\",\"红色\",\"黄色\"]', '2025-07-17 20:22:25', '2025-07-17 20:41:27', 999999999999999, 999999999999999, 1, 1);
INSERT INTO `t_file` VALUES (698853544624133, 10000100001, '女孩头像-5', '/files/20250717/20250717202131596.webp', 952.00, '[\"女性\",\"平静\",\"昼\"]', '2025-07-17 20:22:25', '2025-07-17 20:28:18', 999999999999999, 999999999999999, 1, 1);
INSERT INTO `t_file` VALUES (698853546672133, 10000100001, '女孩动漫头像-5', '/files/20250717/20250717202158918.webp', 316.00, '[\"女性\",\"平静\",\"昼\",\"粉色\",\"红色\"]', '2025-07-17 20:22:25', '2025-07-17 20:37:48', 999999999999999, 999999999999999, 1, 1);
INSERT INTO `t_file` VALUES (698853548720133, 10000100001, '男孩动漫头像-5', '/files/20250717/20250717202157774.webp', 349.00, '[\"夜\",\"孤独\",\"男性\",\"蓝色\",\"黄色\"]', '2025-07-17 20:22:25', '2025-07-17 20:34:47', 999999999999999, 999999999999999, 1, 1);
INSERT INTO `t_file` VALUES (698853550772229, 10000100001, '动物头像-5', '/files/20250717/20250717202148680.webp', 251.00, '[\"动物\",\"平静\",\"昼\",\"橙色\"]', '2025-07-17 20:22:25', '2025-07-17 20:42:07', 999999999999999, 999999999999999, 1, 1);
INSERT INTO `t_file` VALUES (726335278137349, 10000100003, 'Adonis', '/files/20251003/20251003120548441.svg', 0.80, '[\"昼\"]', '2025-10-03 12:06:28', '2025-10-03 12:06:28', 999999999999999, 999999999999999, 1, 2);
INSERT INTO `t_file` VALUES (726335280185349, 10000100003, 'Aftereffects', '/files/20251003/20251003120549295.svg', 1.98, '[\"昼\"]', '2025-10-03 12:06:28', '2025-10-03 12:06:28', 999999999999999, 999999999999999, 1, 2);
INSERT INTO `t_file` VALUES (726335282237445, 10000100003, 'Ansible', '/files/20251003/20251003120549310.svg', 0.81, '[\"昼\"]', '2025-10-03 12:06:28', '2025-10-03 12:06:28', 999999999999999, 999999999999999, 1, 2);
INSERT INTO `t_file` VALUES (726335284285445, 10000100003, 'Apollo', '/files/20251003/20251003120549332.svg', 1.44, '[\"昼\"]', '2025-10-03 12:06:28', '2025-10-03 12:06:28', 999999999999999, 999999999999999, 1, 2);
INSERT INTO `t_file` VALUES (726335286333445, 10000100003, 'Appwrite', '/files/20251003/20251003120549344.svg', 1.51, '[\"昼\"]', '2025-10-03 12:06:28', '2025-10-03 12:06:28', 999999999999999, 999999999999999, 1, 2);
INSERT INTO `t_file` VALUES (726335288381445, 10000100003, 'Arduino', '/files/20251003/20251003120549360.svg', 2.82, '[\"昼\"]', '2025-10-03 12:06:28', '2025-10-03 12:06:28', 999999999999999, 999999999999999, 1, 2);
INSERT INTO `t_file` VALUES (726335290433541, 10000100003, 'Astro', '/files/20251003/20251003120549374.svg', 2.09, '[\"昼\"]', '2025-10-03 12:06:28', '2025-10-03 12:06:28', 999999999999999, 999999999999999, 1, 2);
INSERT INTO `t_file` VALUES (726335292481541, 10000100003, 'Atom', '/files/20251003/20251003120549388.svg', 3.02, '[\"昼\"]', '2025-10-03 12:06:28', '2025-10-03 12:06:28', 999999999999999, 999999999999999, 1, 2);
INSERT INTO `t_file` VALUES (726335294529541, 10000100003, 'Audition', '/files/20251003/20251003120549403.svg', 1.18, '[\"昼\"]', '2025-10-03 12:06:28', '2025-10-03 12:06:28', 999999999999999, 999999999999999, 1, 2);
INSERT INTO `t_file` VALUES (726335296581637, 10000100003, 'Azul', '/files/20251003/20251003120549420.svg', 2.54, '[\"昼\"]', '2025-10-03 12:06:28', '2025-10-03 12:06:28', 999999999999999, 999999999999999, 1, 2);
INSERT INTO `t_file` VALUES (726335298629637, 10000100003, 'Babel', '/files/20251003/20251003120549435.svg', 41.08, '[\"昼\"]', '2025-10-03 12:06:28', '2025-10-03 12:06:28', 999999999999999, 999999999999999, 1, 2);
INSERT INTO `t_file` VALUES (726335300677637, 10000100003, 'Bootstrap', '/files/20251003/20251003120549497.svg', 2.07, '[\"昼\"]', '2025-10-03 12:06:28', '2025-10-03 12:06:28', 999999999999999, 999999999999999, 1, 2);
INSERT INTO `t_file` VALUES (726335302725637, 10000100003, 'C', '/files/20251003/20251003120549511.svg', 0.73, '[\"昼\"]', '2025-10-03 12:06:28', '2025-10-03 12:06:28', 999999999999999, 999999999999999, 1, 2);
INSERT INTO `t_file` VALUES (726335304777733, 10000100003, 'Cpp', '/files/20251003/20251003120549525.svg', 0.80, '[\"昼\"]', '2025-10-03 12:06:28', '2025-10-03 12:06:28', 999999999999999, 999999999999999, 1, 2);
INSERT INTO `t_file` VALUES (726335306825733, 10000100003, 'Cs', '/files/20251003/20251003120549536.svg', 1.00, '[\"昼\"]', '2025-10-03 12:06:28', '2025-10-03 12:06:28', 999999999999999, 999999999999999, 1, 2);
INSERT INTO `t_file` VALUES (726335308873733, 10000100003, 'Css', '/files/20251003/20251003120549547.svg', 0.63, '[\"昼\"]', '2025-10-03 12:06:28', '2025-10-03 12:06:28', 999999999999999, 999999999999999, 1, 2);
INSERT INTO `t_file` VALUES (726335310921733, 10000100003, 'Discord', '/files/20251003/20251003120549558.svg', 1.56, '[\"昼\"]', '2025-10-03 12:06:28', '2025-10-03 12:06:28', 999999999999999, 999999999999999, 1, 2);
INSERT INTO `t_file` VALUES (726335312973829, 10000100003, 'Discordbots', '/files/20251003/20251003120549568.svg', 2.32, '[\"昼\"]', '2025-10-03 12:06:28', '2025-10-03 12:06:28', 999999999999999, 999999999999999, 1, 2);
INSERT INTO `t_file` VALUES (726335315021829, 10000100003, 'Django', '/files/20251003/20251003120549577.svg', 0.85, '[\"昼\"]', '2025-10-03 12:06:28', '2025-10-03 12:06:28', 999999999999999, 999999999999999, 1, 2);
INSERT INTO `t_file` VALUES (726335317069829, 10000100003, 'Docker', '/files/20251003/20251003120549590.svg', 0.83, '[\"昼\"]', '2025-10-03 12:06:28', '2025-10-03 12:06:28', 999999999999999, 999999999999999, 1, 2);
INSERT INTO `t_file` VALUES (726335319121925, 10000100003, 'Dotnet', '/files/20251003/20251003120549600.svg', 0.80, '[\"昼\"]', '2025-10-03 12:06:28', '2025-10-03 12:06:28', 999999999999999, 999999999999999, 1, 2);
INSERT INTO `t_file` VALUES (726335321169925, 10000100003, 'Electron', '/files/20251003/20251003120549612.svg', 3.17, '[\"昼\"]', '2025-10-03 12:06:28', '2025-10-03 12:06:28', 999999999999999, 999999999999999, 1, 2);
INSERT INTO `t_file` VALUES (726335323217925, 10000100003, 'Emacs', '/files/20251003/20251003120549626.svg', 1.69, '[\"昼\"]', '2025-10-03 12:06:28', '2025-10-03 12:06:28', 999999999999999, 999999999999999, 1, 2);
INSERT INTO `t_file` VALUES (726335325265925, 10000100003, 'Ember', '/files/20251003/20251003120549638.svg', 46.81, '[\"昼\"]', '2025-10-03 12:06:28', '2025-10-03 12:06:28', 999999999999999, 999999999999999, 1, 2);
INSERT INTO `t_file` VALUES (726335327318021, 10000100003, 'Fastapi', '/files/20251003/20251003120549662.svg', 0.44, '[\"昼\"]', '2025-10-03 12:06:28', '2025-10-03 12:06:28', 999999999999999, 999999999999999, 1, 2);
INSERT INTO `t_file` VALUES (726335329366021, 10000100003, 'Forth', '/files/20251003/20251003120549672.svg', 0.79, '[\"昼\"]', '2025-10-03 12:06:28', '2025-10-03 12:06:28', 999999999999999, 999999999999999, 1, 2);
INSERT INTO `t_file` VALUES (726335331414021, 10000100003, 'Fortran', '/files/20251003/20251003120549685.svg', 0.76, '[\"昼\"]', '2025-10-03 12:06:28', '2025-10-03 12:06:28', 999999999999999, 999999999999999, 1, 2);
INSERT INTO `t_file` VALUES (726335333466117, 10000100003, 'Gamemakerstudio', '/files/20251003/20251003120549702.svg', 0.42, '[\"昼\"]', '2025-10-03 12:06:28', '2025-10-03 12:06:28', 999999999999999, 999999999999999, 1, 2);
INSERT INTO `t_file` VALUES (726335335514117, 10000100003, 'Gatsby', '/files/20251003/20251003120549714.svg', 0.64, '[\"昼\"]', '2025-10-03 12:06:28', '2025-10-03 12:06:28', 999999999999999, 999999999999999, 1, 2);
INSERT INTO `t_file` VALUES (726335337562117, 10000100003, 'Git', '/files/20251003/20251003120549726.svg', 1.25, '[\"昼\"]', '2025-10-03 12:06:28', '2025-10-03 12:06:28', 999999999999999, 999999999999999, 1, 2);
INSERT INTO `t_file` VALUES (726335339610117, 10000100003, 'Golang', '/files/20251003/20251003120549738.svg', 1.52, '[\"昼\"]', '2025-10-03 12:06:28', '2025-10-03 12:06:28', 999999999999999, 999999999999999, 1, 2);
INSERT INTO `t_file` VALUES (726335341662213, 10000100003, 'Gulp', '/files/20251003/20251003120549749.svg', 2.57, '[\"昼\"]', '2025-10-03 12:06:28', '2025-10-03 12:06:28', 999999999999999, 999999999999999, 1, 2);
INSERT INTO `t_file` VALUES (726335343710213, 10000100003, 'Heroku', '/files/20251003/20251003120549759.svg', 0.64, '[\"昼\"]', '2025-10-03 12:06:28', '2025-10-03 12:06:28', 999999999999999, 999999999999999, 1, 2);
INSERT INTO `t_file` VALUES (726335345758213, 10000100003, 'Html', '/files/20251003/20251003120549770.svg', 0.63, '[\"昼\"]', '2025-10-03 12:06:28', '2025-10-03 12:06:28', 999999999999999, 999999999999999, 1, 2);
INSERT INTO `t_file` VALUES (726335347806213, 10000100003, 'Illustrator', '/files/20251003/20251003120549792.svg', 1.30, '[\"昼\"]', '2025-10-03 12:06:28', '2025-10-03 12:06:28', 999999999999999, 999999999999999, 1, 2);
INSERT INTO `t_file` VALUES (726335349858309, 10000100003, 'Instagram', '/files/20251003/20251003120549803.svg', 3.01, '[\"昼\"]', '2025-10-03 12:06:28', '2025-10-03 12:06:28', 999999999999999, 999999999999999, 1, 2);
INSERT INTO `t_file` VALUES (726335351906309, 10000100003, 'Javascript', '/files/20251003/20251003120549816.svg', 0.98, '[\"昼\"]', '2025-10-03 12:06:28', '2025-10-03 12:06:28', 999999999999999, 999999999999999, 1, 2);
INSERT INTO `t_file` VALUES (726335353954309, 10000100003, 'Jest', '/files/20251003/20251003120549833.svg', 3.43, '[\"昼\"]', '2025-10-03 12:06:28', '2025-10-03 12:06:28', 999999999999999, 999999999999999, 1, 2);
INSERT INTO `t_file` VALUES (726335356002309, 10000100003, 'Jquery', '/files/20251003/20251003120549846.svg', 7.14, '[\"昼\"]', '2025-10-03 12:06:28', '2025-10-03 12:06:28', 999999999999999, 999999999999999, 1, 2);
INSERT INTO `t_file` VALUES (726335358054405, 10000100003, 'Kafka', '/files/20251003/20251003120549860.svg', 1.97, '[\"昼\"]', '2025-10-03 12:06:28', '2025-10-03 12:06:28', 999999999999999, 999999999999999, 1, 2);
INSERT INTO `t_file` VALUES (726335360102405, 10000100003, 'Kubernetes', '/files/20251003/20251003120549872.svg', 3.58, '[\"昼\"]', '2025-10-03 12:06:28', '2025-10-03 12:06:28', 999999999999999, 999999999999999, 1, 2);
INSERT INTO `t_file` VALUES (726335362150405, 10000100003, 'Linkedin', '/files/20251003/20251003120549884.svg', 0.90, '[\"昼\"]', '2025-10-03 12:06:28', '2025-10-03 12:06:28', 999999999999999, 999999999999999, 1, 2);
INSERT INTO `t_file` VALUES (726335364202501, 10000100003, 'Mongodb', '/files/20251003/20251003120549903.svg', 0.97, '[\"昼\"]', '2025-10-03 12:06:28', '2025-10-03 12:06:28', 999999999999999, 999999999999999, 1, 2);
INSERT INTO `t_file` VALUES (726335366250501, 10000100003, 'Nginx', '/files/20251003/20251003120549916.svg', 0.62, '[\"昼\"]', '2025-10-03 12:06:28', '2025-10-03 12:06:28', 999999999999999, 999999999999999, 1, 2);
INSERT INTO `t_file` VALUES (726335368298501, 10000100003, 'Ocaml', '/files/20251003/20251003120549928.svg', 3.18, '[\"昼\"]', '2025-10-03 12:06:28', '2025-10-03 12:06:28', 999999999999999, 999999999999999, 1, 2);
INSERT INTO `t_file` VALUES (726335370346501, 10000100003, 'Openshift', '/files/20251003/20251003120549939.svg', 1.48, '[\"昼\"]', '2025-10-03 12:06:28', '2025-10-03 12:06:28', 999999999999999, 999999999999999, 1, 2);
INSERT INTO `t_file` VALUES (726335372398597, 10000100003, 'P5js', '/files/20251003/20251003120549948.svg', 1.99, '[\"昼\"]', '2025-10-03 12:06:28', '2025-10-03 12:06:28', 999999999999999, 999999999999999, 1, 2);
INSERT INTO `t_file` VALUES (726335374446597, 10000100003, 'Perl', '/files/20251003/20251003120549959.svg', 8.34, '[\"昼\"]', '2025-10-03 12:06:28', '2025-10-03 12:06:28', 999999999999999, 999999999999999, 1, 2);
INSERT INTO `t_file` VALUES (726335376494597, 10000100003, 'Photoshop', '/files/20251003/20251003120549972.svg', 2.21, '[\"昼\"]', '2025-10-03 12:06:28', '2025-10-03 12:06:28', 999999999999999, 999999999999999, 1, 2);
INSERT INTO `t_file` VALUES (726335378542597, 10000100003, 'Postman', '/files/20251003/20251003120549984.svg', 5.40, '[\"昼\"]', '2025-10-03 12:06:28', '2025-10-03 12:06:28', 999999999999999, 999999999999999, 1, 2);
INSERT INTO `t_file` VALUES (726335380594693, 10000100003, 'Premiere', '/files/20251003/20251003120549994.svg', 1.63, '[\"昼\"]', '2025-10-03 12:06:28', '2025-10-03 12:06:28', 999999999999999, 999999999999999, 1, 2);
INSERT INTO `t_file` VALUES (726335382642693, 10000100003, 'Prisma', '/files/20251003/20251003120550004.svg', 0.65, '[\"昼\"]', '2025-10-03 12:06:28', '2025-10-03 12:06:28', 999999999999999, 999999999999999, 1, 2);
INSERT INTO `t_file` VALUES (726335384690693, 10000100003, 'Prometheus', '/files/20251003/20251003120550014.svg', 1.04, '[\"昼\"]', '2025-10-03 12:06:28', '2025-10-03 12:06:28', 999999999999999, 999999999999999, 1, 2);
INSERT INTO `t_file` VALUES (726335386738693, 10000100003, 'Rails', '/files/20251003/20251003120550028.svg', 1.59, '[\"昼\"]', '2025-10-03 12:06:28', '2025-10-03 12:06:28', 999999999999999, 999999999999999, 1, 2);
INSERT INTO `t_file` VALUES (726335388790789, 10000100003, 'Redux', '/files/20251003/20251003120550036.svg', 1.94, '[\"昼\"]', '2025-10-03 12:06:28', '2025-10-03 12:06:28', 999999999999999, 999999999999999, 1, 2);
INSERT INTO `t_file` VALUES (726335390838789, 10000100003, 'Robloxstudio', '/files/20251003/20251003120550045.svg', 0.48, '[\"昼\"]', '2025-10-03 12:06:28', '2025-10-03 12:06:28', 999999999999999, 999999999999999, 1, 2);
INSERT INTO `t_file` VALUES (726335392886789, 10000100003, 'Rocket', '/files/20251003/20251003120550054.svg', 3.16, '[\"昼\"]', '2025-10-03 12:06:28', '2025-10-03 12:06:28', 999999999999999, 999999999999999, 1, 2);
INSERT INTO `t_file` VALUES (726335394934789, 10000100003, 'Ruby', '/files/20251003/20251003120550065.svg', 6.86, '[\"昼\"]', '2025-10-03 12:06:28', '2025-10-03 12:06:28', 999999999999999, 999999999999999, 1, 2);
INSERT INTO `t_file` VALUES (726335396986885, 10000100003, 'Rust', '/files/20251003/20251003120550080.svg', 5.22, '[\"昼\"]', '2025-10-03 12:06:28', '2025-10-03 12:06:28', 999999999999999, 999999999999999, 1, 2);
INSERT INTO `t_file` VALUES (726335399034885, 10000100003, 'Sass', '/files/20251003/20251003120550095.svg', 4.08, '[\"昼\"]', '2025-10-03 12:06:28', '2025-10-03 12:06:28', 999999999999999, 999999999999999, 1, 2);
INSERT INTO `t_file` VALUES (726335401082885, 10000100003, 'Selenium', '/files/20251003/20251003120550111.svg', 2.41, '[\"昼\"]', '2025-10-03 12:06:28', '2025-10-03 12:06:28', 999999999999999, 999999999999999, 1, 2);
INSERT INTO `t_file` VALUES (726335403130885, 10000100003, 'Sentry', '/files/20251003/20251003120550122.svg', 1.00, '[\"昼\"]', '2025-10-03 12:06:28', '2025-10-03 12:06:28', 999999999999999, 999999999999999, 1, 2);
INSERT INTO `t_file` VALUES (726335405182981, 10000100003, 'Solidity', '/files/20251003/20251003120550130.svg', 0.75, '[\"昼\"]', '2025-10-03 12:06:28', '2025-10-03 12:06:28', 999999999999999, 999999999999999, 1, 2);
INSERT INTO `t_file` VALUES (726335407230981, 10000100003, 'Sqlite', '/files/20251003/20251003120550138.svg', 6.82, '[\"昼\"]', '2025-10-03 12:06:28', '2025-10-03 12:06:28', 999999999999999, 999999999999999, 1, 2);
INSERT INTO `t_file` VALUES (726335409278981, 10000100003, 'Styledcomponents', '/files/20251003/20251003120550146.svg', 4.64, '[\"昼\"]', '2025-10-03 12:06:28', '2025-10-03 12:06:28', 999999999999999, 999999999999999, 1, 2);
INSERT INTO `t_file` VALUES (726335411331077, 10000100003, 'Svelte', '/files/20251003/20251003120550153.svg', 2.10, '[\"昼\"]', '2025-10-03 12:06:28', '2025-10-03 12:06:28', 999999999999999, 999999999999999, 1, 2);
INSERT INTO `t_file` VALUES (726335413379077, 10000100003, 'Swift', '/files/20251003/20251003120550162.svg', 0.93, '[\"昼\"]', '2025-10-03 12:06:28', '2025-10-03 12:06:28', 999999999999999, 999999999999999, 1, 2);
INSERT INTO `t_file` VALUES (726335415427077, 10000100003, 'Twitter', '/files/20251003/20251003120550168.svg', 0.89, '[\"昼\"]', '2025-10-03 12:06:28', '2025-10-03 12:06:28', 999999999999999, 999999999999999, 1, 2);
INSERT INTO `t_file` VALUES (726335417479173, 10000100003, 'Typescript', '/files/20251003/20251003120550179.svg', 1.39, '[\"昼\"]', '2025-10-03 12:06:28', '2025-10-03 12:06:28', 999999999999999, 999999999999999, 1, 2);
INSERT INTO `t_file` VALUES (726335419527173, 10000100003, 'Unrealengine', '/files/20251003/20251003120550193.svg', 1.91, '[\"昼\"]', '2025-10-03 12:06:28', '2025-10-03 12:06:28', 999999999999999, 999999999999999, 1, 2);
INSERT INTO `t_file` VALUES (726335421575173, 10000100003, 'Vala', '/files/20251003/20251003120550202.svg', 2.54, '[\"昼\"]', '2025-10-03 12:06:28', '2025-10-03 12:06:28', 999999999999999, 999999999999999, 1, 2);
INSERT INTO `t_file` VALUES (726335423623173, 10000100003, 'Webassembly', '/files/20251003/20251003120550212.svg', 0.79, '[\"昼\"]', '2025-10-03 12:06:28', '2025-10-03 12:06:28', 999999999999999, 999999999999999, 1, 2);
INSERT INTO `t_file` VALUES (726335425675269, 10000100003, 'Webflow', '/files/20251003/20251003120550220.svg', 0.70, '[\"昼\"]', '2025-10-03 12:06:28', '2025-10-03 12:06:28', 999999999999999, 999999999999999, 1, 2);
INSERT INTO `t_file` VALUES (726335427723269, 10000100003, 'Wordpress', '/files/20251003/20251003120550228.svg', 1.62, '[\"昼\"]', '2025-10-03 12:06:28', '2025-10-03 12:06:28', 999999999999999, 999999999999999, 1, 2);
INSERT INTO `t_file` VALUES (726335429771269, 10000100003, 'Xd', '/files/20251003/20251003120550244.svg', 1.44, '[\"昼\"]', '2025-10-03 12:06:28', '2025-10-03 12:06:28', 999999999999999, 999999999999999, 1, 2);
INSERT INTO `t_file` VALUES (726335824437253, 10000100003, 'Ableton', '/files/20251003/20251003120802690.svg', 1.09, '[\"昼\"]', '2025-10-03 12:08:47', '2025-10-03 12:08:47', 999999999999999, 999999999999999, 1, 2);
INSERT INTO `t_file` VALUES (726335826485253, 10000100003, 'Activitypub', '/files/20251003/20251003120802781.svg', 0.70, '[\"昼\"]', '2025-10-03 12:08:47', '2025-10-03 12:08:47', 999999999999999, 999999999999999, 1, 2);
INSERT INTO `t_file` VALUES (726335828533253, 10000100003, 'Actix', '/files/20251003/20251003120802794.svg', 4.45, '[\"昼\"]', '2025-10-03 12:08:47', '2025-10-03 12:08:47', 999999999999999, 999999999999999, 1, 2);
INSERT INTO `t_file` VALUES (726335830581253, 10000100003, 'Aiscript', '/files/20251003/20251003120802804.svg', 5.06, '[\"昼\"]', '2025-10-03 12:08:47', '2025-10-03 12:08:47', 999999999999999, 999999999999999, 1, 2);
INSERT INTO `t_file` VALUES (726335832633349, 10000100003, 'Alpinejs', '/files/20251003/20251003120802815.svg', 0.49, '[\"昼\"]', '2025-10-03 12:08:47', '2025-10-03 12:08:47', 999999999999999, 999999999999999, 1, 2);
INSERT INTO `t_file` VALUES (726335834681349, 10000100003, 'Anaconda', '/files/20251003/20251003120802824.svg', 3.11, '[\"昼\"]', '2025-10-03 12:08:47', '2025-10-03 12:08:47', 999999999999999, 999999999999999, 1, 2);
INSERT INTO `t_file` VALUES (726335836729349, 10000100003, 'Androidstudio', '/files/20251003/20251003120802832.svg', 2.91, '[\"昼\"]', '2025-10-03 12:08:47', '2025-10-03 12:08:47', 999999999999999, 999999999999999, 1, 2);
INSERT INTO `t_file` VALUES (726335838777349, 10000100003, 'Angular', '/files/20251003/20251003120802841.svg', 0.58, '[\"昼\"]', '2025-10-03 12:08:47', '2025-10-03 12:08:47', 999999999999999, 999999999999999, 1, 2);
INSERT INTO `t_file` VALUES (726335840829445, 10000100003, 'Apple', '/files/20251003/20251003120802852.svg', 2.39, '[\"昼\"]', '2025-10-03 12:08:47', '2025-10-03 12:08:47', 999999999999999, 999999999999999, 1, 2);
INSERT INTO `t_file` VALUES (726335842877445, 10000100003, 'Arch', '/files/20251003/20251003120802861.svg', 2.34, '[\"昼\"]', '2025-10-03 12:08:47', '2025-10-03 12:08:47', 999999999999999, 999999999999999, 1, 2);
INSERT INTO `t_file` VALUES (726335844925445, 10000100003, 'Autocad', '/files/20251003/20251003120802869.svg', 1.22, '[\"昼\"]', '2025-10-03 12:08:47', '2025-10-03 12:08:47', 999999999999999, 999999999999999, 1, 2);
INSERT INTO `t_file` VALUES (726335846977541, 10000100003, 'Aws', '/files/20251003/20251003120802881.svg', 3.90, '[\"昼\"]', '2025-10-03 12:08:47', '2025-10-03 12:08:47', 999999999999999, 999999999999999, 1, 2);
INSERT INTO `t_file` VALUES (726335849025541, 10000100003, 'Azure', '/files/20251003/20251003120802893.svg', 1.81, '[\"昼\"]', '2025-10-03 12:08:47', '2025-10-03 12:08:47', 999999999999999, 999999999999999, 1, 2);
INSERT INTO `t_file` VALUES (726335851073541, 10000100003, 'Bash', '/files/20251003/20251003120802903.svg', 2.54, '[\"昼\"]', '2025-10-03 12:08:47', '2025-10-03 12:08:47', 999999999999999, 999999999999999, 1, 2);
INSERT INTO `t_file` VALUES (726335853121541, 10000100003, 'Bevy', '/files/20251003/20251003120802914.svg', 16.54, '[\"昼\"]', '2025-10-03 12:08:47', '2025-10-03 12:08:47', 999999999999999, 999999999999999, 1, 2);
INSERT INTO `t_file` VALUES (726335855173637, 10000100003, 'Bitbucket', '/files/20251003/20251003120802928.svg', 1.29, '[\"昼\"]', '2025-10-03 12:08:47', '2025-10-03 12:08:47', 999999999999999, 999999999999999, 1, 2);
INSERT INTO `t_file` VALUES (726335857221637, 10000100003, 'Blender', '/files/20251003/20251003120802941.svg', 2.18, '[\"昼\"]', '2025-10-03 12:08:47', '2025-10-03 12:08:47', 999999999999999, 999999999999999, 1, 2);
INSERT INTO `t_file` VALUES (726335859269637, 10000100003, 'Bsd', '/files/20251003/20251003120802952.svg', 8.89, '[\"昼\"]', '2025-10-03 12:08:47', '2025-10-03 12:08:47', 999999999999999, 999999999999999, 1, 2);
INSERT INTO `t_file` VALUES (726335861321733, 10000100003, 'Bun', '/files/20251003/20251003120802965.svg', 4.79, '[\"昼\"]', '2025-10-03 12:08:47', '2025-10-03 12:08:47', 999999999999999, 999999999999999, 1, 2);
INSERT INTO `t_file` VALUES (726335863369733, 10000100003, 'Cassandra', '/files/20251003/20251003120802981.svg', 14.08, '[\"昼\"]', '2025-10-03 12:08:47', '2025-10-03 12:08:47', 999999999999999, 999999999999999, 1, 2);
INSERT INTO `t_file` VALUES (726335865417733, 10000100003, 'Clion', '/files/20251003/20251003120803000.svg', 2.42, '[\"昼\"]', '2025-10-03 12:08:47', '2025-10-03 12:08:47', 999999999999999, 999999999999999, 1, 2);
INSERT INTO `t_file` VALUES (726335867465733, 10000100003, 'Clojure', '/files/20251003/20251003120803012.svg', 2.30, '[\"昼\"]', '2025-10-03 12:08:47', '2025-10-03 12:08:47', 999999999999999, 999999999999999, 1, 2);
INSERT INTO `t_file` VALUES (726335869517829, 10000100003, 'Cloudflare', '/files/20251003/20251003120803021.svg', 1.46, '[\"昼\"]', '2025-10-03 12:08:47', '2025-10-03 12:08:47', 999999999999999, 999999999999999, 1, 2);
INSERT INTO `t_file` VALUES (726335871565829, 10000100003, 'Cmake', '/files/20251003/20251003120803032.svg', 1.41, '[\"昼\"]', '2025-10-03 12:08:47', '2025-10-03 12:08:47', 999999999999999, 999999999999999, 1, 2);
INSERT INTO `t_file` VALUES (726335873613829, 10000100003, 'Codepen', '/files/20251003/20251003120803042.svg', 0.93, '[\"昼\"]', '2025-10-03 12:08:47', '2025-10-03 12:08:47', 999999999999999, 999999999999999, 1, 2);
INSERT INTO `t_file` VALUES (726335875661829, 10000100003, 'Coffeescript', '/files/20251003/20251003120803053.svg', 2.18, '[\"昼\"]', '2025-10-03 12:08:47', '2025-10-03 12:08:47', 999999999999999, 999999999999999, 1, 2);
INSERT INTO `t_file` VALUES (726335877713925, 10000100003, 'Crystal', '/files/20251003/20251003120803062.svg', 0.68, '[\"昼\"]', '2025-10-03 12:08:47', '2025-10-03 12:08:47', 999999999999999, 999999999999999, 1, 2);
INSERT INTO `t_file` VALUES (726335879761925, 10000100003, 'Cypress', '/files/20251003/20251003120803071.svg', 2.85, '[\"昼\"]', '2025-10-03 12:08:47', '2025-10-03 12:08:47', 999999999999999, 999999999999999, 1, 2);
INSERT INTO `t_file` VALUES (726335881809925, 10000100003, 'D3', '/files/20251003/20251003120803081.svg', 0.86, '[\"昼\"]', '2025-10-03 12:08:47', '2025-10-03 12:08:47', 999999999999999, 999999999999999, 1, 2);
INSERT INTO `t_file` VALUES (726335883857925, 10000100003, 'Dart', '/files/20251003/20251003120803091.svg', 1.31, '[\"昼\"]', '2025-10-03 12:08:47', '2025-10-03 12:08:47', 999999999999999, 999999999999999, 1, 2);
INSERT INTO `t_file` VALUES (726335885910021, 10000100003, 'Debian', '/files/20251003/20251003120803100.svg', 3.61, '[\"昼\"]', '2025-10-03 12:08:47', '2025-10-03 12:08:47', 999999999999999, 999999999999999, 1, 2);
INSERT INTO `t_file` VALUES (726335887958021, 10000100003, 'Deno', '/files/20251003/20251003120803113.svg', 7.72, '[\"昼\"]', '2025-10-03 12:08:47', '2025-10-03 12:08:47', 999999999999999, 999999999999999, 1, 2);
INSERT INTO `t_file` VALUES (726335890006021, 10000100003, 'Devto', '/files/20251003/20251003120803123.svg', 0.87, '[\"昼\"]', '2025-10-03 12:08:47', '2025-10-03 12:08:47', 999999999999999, 999999999999999, 1, 2);
INSERT INTO `t_file` VALUES (726335892058117, 10000100003, 'Discordjs', '/files/20251003/20251003120803134.svg', 3.52, '[\"昼\"]', '2025-10-03 12:08:47', '2025-10-03 12:08:47', 999999999999999, 999999999999999, 1, 2);
INSERT INTO `t_file` VALUES (726335894106117, 10000100003, 'Dynamodb', '/files/20251003/20251003120803145.svg', 1.49, '[\"昼\"]', '2025-10-03 12:08:47', '2025-10-03 12:08:47', 999999999999999, 999999999999999, 1, 2);
INSERT INTO `t_file` VALUES (726335896154117, 10000100003, 'Eclipse', '/files/20251003/20251003120803152.svg', 2.44, '[\"昼\"]', '2025-10-03 12:08:47', '2025-10-03 12:08:47', 999999999999999, 999999999999999, 1, 2);
INSERT INTO `t_file` VALUES (726335898206213, 10000100003, 'Elasticsearch', '/files/20251003/20251003120803162.svg', 1.47, '[\"昼\"]', '2025-10-03 12:08:47', '2025-10-03 12:08:47', 999999999999999, 999999999999999, 1, 2);
INSERT INTO `t_file` VALUES (726335900254213, 10000100003, 'Elixir', '/files/20251003/20251003120803171.svg', 4.73, '[\"昼\"]', '2025-10-03 12:08:47', '2025-10-03 12:08:47', 999999999999999, 999999999999999, 1, 2);
INSERT INTO `t_file` VALUES (726335902302213, 10000100003, 'Elysia', '/files/20251003/20251003120803180.svg', 22.22, '[\"昼\"]', '2025-10-03 12:08:47', '2025-10-03 12:08:47', 999999999999999, 999999999999999, 1, 2);
INSERT INTO `t_file` VALUES (726335904350213, 10000100003, 'Emotion', '/files/20251003/20251003120803194.svg', 122.34, '[\"昼\"]', '2025-10-03 12:08:47', '2025-10-03 12:08:47', 999999999999999, 999999999999999, 1, 2);
INSERT INTO `t_file` VALUES (726335906402309, 10000100003, 'Expressjs', '/files/20251003/20251003120803221.svg', 1.21, '[\"昼\"]', '2025-10-03 12:08:47', '2025-10-03 12:08:47', 999999999999999, 999999999999999, 1, 2);
INSERT INTO `t_file` VALUES (726335908450309, 10000100003, 'Fediverse', '/files/20251003/20251003120803231.svg', 2.91, '[\"昼\"]', '2025-10-03 12:08:47', '2025-10-03 12:08:47', 999999999999999, 999999999999999, 1, 2);
INSERT INTO `t_file` VALUES (726335910498309, 10000100003, 'Figma', '/files/20251003/20251003120803240.svg', 1.05, '[\"昼\"]', '2025-10-03 12:08:47', '2025-10-03 12:08:47', 999999999999999, 999999999999999, 1, 2);
INSERT INTO `t_file` VALUES (726335912550405, 10000100003, 'Flask', '/files/20251003/20251003120803249.svg', 11.25, '[\"昼\"]', '2025-10-03 12:08:47', '2025-10-03 12:08:47', 999999999999999, 999999999999999, 1, 2);
INSERT INTO `t_file` VALUES (726335914598405, 10000100003, 'Flutter', '/files/20251003/20251003120803258.svg', 0.66, '[\"昼\"]', '2025-10-03 12:08:47', '2025-10-03 12:08:47', 999999999999999, 999999999999999, 1, 2);
INSERT INTO `t_file` VALUES (726335916646405, 10000100003, 'Gcp', '/files/20251003/20251003120803265.svg', 1.20, '[\"昼\"]', '2025-10-03 12:08:47', '2025-10-03 12:08:47', 999999999999999, 999999999999999, 1, 2);
INSERT INTO `t_file` VALUES (726335918694405, 10000100003, 'Gherkin', '/files/20251003/20251003120803273.svg', 3.33, '[\"昼\"]', '2025-10-03 12:08:47', '2025-10-03 12:08:47', 999999999999999, 999999999999999, 1, 2);
INSERT INTO `t_file` VALUES (726335920746501, 10000100003, 'Github', '/files/20251003/20251003120803280.svg', 2.11, '[\"昼\"]', '2025-10-03 12:08:47', '2025-10-03 12:08:47', 999999999999999, 999999999999999, 1, 2);
INSERT INTO `t_file` VALUES (726335922794501, 10000100003, 'Githubactions', '/files/20251003/20251003120803288.svg', 2.37, '[\"昼\"]', '2025-10-03 12:08:47', '2025-10-03 12:08:47', 999999999999999, 999999999999999, 1, 2);
INSERT INTO `t_file` VALUES (726335924842501, 10000100003, 'Gitlab', '/files/20251003/20251003120803297.svg', 0.93, '[\"昼\"]', '2025-10-03 12:08:47', '2025-10-03 12:08:47', 999999999999999, 999999999999999, 1, 2);
INSERT INTO `t_file` VALUES (726335926890501, 10000100003, 'Gmail', '/files/20251003/20251003120803304.svg', 0.77, '[\"昼\"]', '2025-10-03 12:08:47', '2025-10-03 12:08:47', 999999999999999, 999999999999999, 1, 2);
INSERT INTO `t_file` VALUES (726335928942597, 10000100003, 'Godot', '/files/20251003/20251003120803311.svg', 3.23, '[\"昼\"]', '2025-10-03 12:08:47', '2025-10-03 12:08:47', 999999999999999, 999999999999999, 1, 2);
INSERT INTO `t_file` VALUES (726335930990597, 10000100003, 'Gradle', '/files/20251003/20251003120803324.svg', 1.34, '[\"昼\"]', '2025-10-03 12:08:47', '2025-10-03 12:08:47', 999999999999999, 999999999999999, 1, 2);
INSERT INTO `t_file` VALUES (726335933038597, 10000100003, 'Grafana', '/files/20251003/20251003120803334.svg', 4.79, '[\"昼\"]', '2025-10-03 12:08:47', '2025-10-03 12:08:47', 999999999999999, 999999999999999, 1, 2);
INSERT INTO `t_file` VALUES (726335935090693, 10000100003, 'Graphql', '/files/20251003/20251003120803343.svg', 1.77, '[\"昼\"]', '2025-10-03 12:08:47', '2025-10-03 12:08:47', 999999999999999, 999999999999999, 1, 2);
INSERT INTO `t_file` VALUES (726335937138693, 10000100003, 'Gtk', '/files/20251003/20251003120803353.svg', 0.72, '[\"昼\"]', '2025-10-03 12:08:47', '2025-10-03 12:08:47', 999999999999999, 999999999999999, 1, 2);
INSERT INTO `t_file` VALUES (726335939186693, 10000100003, 'Haskell', '/files/20251003/20251003120803361.svg', 0.61, '[\"昼\"]', '2025-10-03 12:08:47', '2025-10-03 12:08:47', 999999999999999, 999999999999999, 1, 2);
INSERT INTO `t_file` VALUES (726335941234693, 10000100003, 'Haxe', '/files/20251003/20251003120803371.svg', 1.25, '[\"昼\"]', '2025-10-03 12:08:47', '2025-10-03 12:08:47', 999999999999999, 999999999999999, 1, 2);
INSERT INTO `t_file` VALUES (726335943286789, 10000100003, 'Haxeflixel', '/files/20251003/20251003120803380.svg', 0.63, '[\"昼\"]', '2025-10-03 12:08:47', '2025-10-03 12:08:47', 999999999999999, 999999999999999, 1, 2);
INSERT INTO `t_file` VALUES (726335945334789, 10000100003, 'Hibernate', '/files/20251003/20251003120803388.svg', 0.56, '[\"昼\"]', '2025-10-03 12:08:47', '2025-10-03 12:08:47', 999999999999999, 999999999999999, 1, 2);
INSERT INTO `t_file` VALUES (726335947382789, 10000100003, 'Htmx', '/files/20251003/20251003120803398.svg', 1.39, '[\"昼\"]', '2025-10-03 12:08:47', '2025-10-03 12:08:47', 999999999999999, 999999999999999, 1, 2);
INSERT INTO `t_file` VALUES (726335949434885, 10000100003, 'Idea', '/files/20251003/20251003120803408.svg', 3.03, '[\"昼\"]', '2025-10-03 12:08:47', '2025-10-03 12:08:47', 999999999999999, 999999999999999, 1, 2);
INSERT INTO `t_file` VALUES (726335951482885, 10000100003, 'Ipfs', '/files/20251003/20251003120803417.svg', 2.11, '[\"昼\"]', '2025-10-03 12:08:47', '2025-10-03 12:08:47', 999999999999999, 999999999999999, 1, 2);
INSERT INTO `t_file` VALUES (726335953530885, 10000100003, 'Java', '/files/20251003/20251003120803426.svg', 1.67, '[\"昼\"]', '2025-10-03 12:08:47', '2025-10-03 12:08:47', 999999999999999, 999999999999999, 1, 2);
INSERT INTO `t_file` VALUES (726335955578885, 10000100003, 'Jenkins', '/files/20251003/20251003120803435.svg', 17.45, '[\"昼\"]', '2025-10-03 12:08:47', '2025-10-03 12:08:47', 999999999999999, 999999999999999, 1, 2);
INSERT INTO `t_file` VALUES (726335957630981, 10000100003, 'Julia', '/files/20251003/20251003120803445.svg', 0.82, '[\"昼\"]', '2025-10-03 12:08:47', '2025-10-03 12:08:47', 999999999999999, 999999999999999, 1, 2);
INSERT INTO `t_file` VALUES (726335959678981, 10000100003, 'Kali', '/files/20251003/20251003120803454.svg', 7.86, '[\"昼\"]', '2025-10-03 12:08:47', '2025-10-03 12:08:47', 999999999999999, 999999999999999, 1, 2);
INSERT INTO `t_file` VALUES (726335961726981, 10000100003, 'Kotlin', '/files/20251003/20251003120803463.svg', 0.57, '[\"昼\"]', '2025-10-03 12:08:47', '2025-10-03 12:08:47', 999999999999999, 999999999999999, 1, 2);
INSERT INTO `t_file` VALUES (726335963774981, 10000100003, 'Ktor', '/files/20251003/20251003120803472.svg', 0.48, '[\"昼\"]', '2025-10-03 12:08:47', '2025-10-03 12:08:47', 999999999999999, 999999999999999, 1, 2);
INSERT INTO `t_file` VALUES (726335965827077, 10000100003, 'Laravel', '/files/20251003/20251003120803480.svg', 2.33, '[\"昼\"]', '2025-10-03 12:08:47', '2025-10-03 12:08:47', 999999999999999, 999999999999999, 1, 2);
INSERT INTO `t_file` VALUES (726335967875077, 10000100003, 'Latex', '/files/20251003/20251003120803489.svg', 9.30, '[\"昼\"]', '2025-10-03 12:08:47', '2025-10-03 12:08:47', 999999999999999, 999999999999999, 1, 2);
INSERT INTO `t_file` VALUES (726335969923077, 10000100003, 'Less', '/files/20251003/20251003120803500.svg', 3.66, '[\"昼\"]', '2025-10-03 12:08:47', '2025-10-03 12:08:47', 999999999999999, 999999999999999, 1, 2);
INSERT INTO `t_file` VALUES (726335971971077, 10000100003, 'Linux', '/files/20251003/20251003120803509.svg', 4.99, '[\"昼\"]', '2025-10-03 12:08:47', '2025-10-03 12:08:47', 999999999999999, 999999999999999, 1, 2);
INSERT INTO `t_file` VALUES (726335974023173, 10000100003, 'Lit', '/files/20251003/20251003120803518.svg', 0.52, '[\"昼\"]', '2025-10-03 12:08:47', '2025-10-03 12:08:47', 999999999999999, 999999999999999, 1, 2);
INSERT INTO `t_file` VALUES (726335976071173, 10000100003, 'Lua', '/files/20251003/20251003120803527.svg', 2.06, '[\"昼\"]', '2025-10-03 12:08:47', '2025-10-03 12:08:47', 999999999999999, 999999999999999, 1, 2);
INSERT INTO `t_file` VALUES (726335978119173, 10000100003, 'Markdown', '/files/20251003/20251003120803535.svg', 0.52, '[\"昼\"]', '2025-10-03 12:08:47', '2025-10-03 12:08:47', 999999999999999, 999999999999999, 1, 2);
INSERT INTO `t_file` VALUES (726335980171269, 10000100003, 'Mastodon', '/files/20251003/20251003120803544.svg', 1.32, '[\"昼\"]', '2025-10-03 12:08:47', '2025-10-03 12:08:47', 999999999999999, 999999999999999, 1, 2);
INSERT INTO `t_file` VALUES (726335982219269, 10000100003, 'Materialui', '/files/20251003/20251003120803552.svg', 1.47, '[\"昼\"]', '2025-10-03 12:08:47', '2025-10-03 12:08:47', 999999999999999, 999999999999999, 1, 2);
INSERT INTO `t_file` VALUES (726335984267269, 10000100003, 'Matlab', '/files/20251003/20251003120803559.svg', 1.96, '[\"昼\"]', '2025-10-03 12:08:47', '2025-10-03 12:08:47', 999999999999999, 999999999999999, 1, 2);
INSERT INTO `t_file` VALUES (726335986315269, 10000100003, 'Maven', '/files/20251003/20251003120803569.svg', 13.99, '[\"昼\"]', '2025-10-03 12:08:47', '2025-10-03 12:08:47', 999999999999999, 999999999999999, 1, 2);
INSERT INTO `t_file` VALUES (726335988367365, 10000100003, 'Mint', '/files/20251003/20251003120803578.svg', 1.38, '[\"昼\"]', '2025-10-03 12:08:47', '2025-10-03 12:08:47', 999999999999999, 999999999999999, 1, 2);
INSERT INTO `t_file` VALUES (726335990415365, 10000100003, 'Misskey', '/files/20251003/20251003120803587.svg', 1.26, '[\"昼\"]', '2025-10-03 12:08:47', '2025-10-03 12:08:47', 999999999999999, 999999999999999, 1, 2);
INSERT INTO `t_file` VALUES (726335992463365, 10000100003, 'Mysql', '/files/20251003/20251003120803597.svg', 3.11, '[\"昼\"]', '2025-10-03 12:08:47', '2025-10-03 12:08:47', 999999999999999, 999999999999999, 1, 2);
INSERT INTO `t_file` VALUES (726335994515461, 10000100003, 'Neovim', '/files/20251003/20251003120803607.svg', 1.43, '[\"昼\"]', '2025-10-03 12:08:47', '2025-10-03 12:08:47', 999999999999999, 999999999999999, 1, 2);
INSERT INTO `t_file` VALUES (726335996563461, 10000100003, 'Nestjs', '/files/20251003/20251003120803615.svg', 7.34, '[\"昼\"]', '2025-10-03 12:08:47', '2025-10-03 12:08:47', 999999999999999, 999999999999999, 1, 2);
INSERT INTO `t_file` VALUES (726335998611461, 10000100003, 'Netlify', '/files/20251003/20251003120803629.svg', 4.23, '[\"昼\"]', '2025-10-03 12:08:47', '2025-10-03 12:08:47', 999999999999999, 999999999999999, 1, 2);
INSERT INTO `t_file` VALUES (726336196698117, 10000100003, 'Nextjs', '/files/20251003/20251003120933680.svg', 1.62, '[\"昼\"]', '2025-10-03 12:10:12', '2025-10-03 12:10:12', 999999999999999, 999999999999999, 1, 2);
INSERT INTO `t_file` VALUES (726336198746117, 10000100003, 'Nim', '/files/20251003/20251003120933754.svg', 1.14, '[\"昼\"]', '2025-10-03 12:10:12', '2025-10-03 12:10:12', 999999999999999, 999999999999999, 1, 2);
INSERT INTO `t_file` VALUES (726336200794117, 10000100003, 'Nix', '/files/20251003/20251003120933764.svg', 3.28, '[\"昼\"]', '2025-10-03 12:10:12', '2025-10-03 12:10:12', 999999999999999, 999999999999999, 1, 2);
INSERT INTO `t_file` VALUES (726336202846213, 10000100003, 'Nodejs', '/files/20251003/20251003120933774.svg', 2.66, '[\"昼\"]', '2025-10-03 12:10:12', '2025-10-03 12:10:12', 999999999999999, 999999999999999, 1, 2);
INSERT INTO `t_file` VALUES (726336204894213, 10000100003, 'Notion', '/files/20251003/20251003120933783.svg', 1.99, '[\"昼\"]', '2025-10-03 12:10:12', '2025-10-03 12:10:12', 999999999999999, 999999999999999, 1, 2);
INSERT INTO `t_file` VALUES (726336206942213, 10000100003, 'Npm', '/files/20251003/20251003120933792.svg', 1.13, '[\"昼\"]', '2025-10-03 12:10:12', '2025-10-03 12:10:12', 999999999999999, 999999999999999, 1, 2);
INSERT INTO `t_file` VALUES (726336208994309, 10000100003, 'Nuxtjs', '/files/20251003/20251003120933804.svg', 0.90, '[\"昼\"]', '2025-10-03 12:10:12', '2025-10-03 12:10:12', 999999999999999, 999999999999999, 1, 2);
INSERT INTO `t_file` VALUES (726336211042309, 10000100003, 'Obsidian', '/files/20251003/20251003120933813.svg', 6.06, '[\"昼\"]', '2025-10-03 12:10:12', '2025-10-03 12:10:12', 999999999999999, 999999999999999, 1, 2);
INSERT INTO `t_file` VALUES (726336213090309, 10000100003, 'Octave', '/files/20251003/20251003120933825.svg', 1.44, '[\"昼\"]', '2025-10-03 12:10:12', '2025-10-03 12:10:12', 999999999999999, 999999999999999, 1, 2);
INSERT INTO `t_file` VALUES (726336215142405, 10000100003, 'Opencv', '/files/20251003/20251003120933834.svg', 0.84, '[\"昼\"]', '2025-10-03 12:10:12', '2025-10-03 12:10:12', 999999999999999, 999999999999999, 1, 2);
INSERT INTO `t_file` VALUES (726336217190405, 10000100003, 'Openstack', '/files/20251003/20251003120933843.svg', 0.77, '[\"昼\"]', '2025-10-03 12:10:12', '2025-10-03 12:10:12', 999999999999999, 999999999999999, 1, 2);
INSERT INTO `t_file` VALUES (726336219238405, 10000100003, 'Php', '/files/20251003/20251003120933853.svg', 1.20, '[\"昼\"]', '2025-10-03 12:10:12', '2025-10-03 12:10:12', 999999999999999, 999999999999999, 1, 2);
INSERT INTO `t_file` VALUES (726336221286405, 10000100003, 'Phpstorm', '/files/20251003/20251003120933866.svg', 2.64, '[\"昼\"]', '2025-10-03 12:10:12', '2025-10-03 12:10:12', 999999999999999, 999999999999999, 1, 2);
INSERT INTO `t_file` VALUES (726336223338501, 10000100003, 'Pinia', '/files/20251003/20251003120933875.svg', 4.53, '[\"昼\"]', '2025-10-03 12:10:12', '2025-10-03 12:10:12', 999999999999999, 999999999999999, 1, 2);
INSERT INTO `t_file` VALUES (726336225386501, 10000100003, 'Pkl', '/files/20251003/20251003120933885.svg', 2.90, '[\"昼\"]', '2025-10-03 12:10:12', '2025-10-03 12:10:12', 999999999999999, 999999999999999, 1, 2);
INSERT INTO `t_file` VALUES (726336227438597, 10000100003, 'Plan9', '/files/20251003/20251003120933894.svg', 171.17, '[\"昼\"]', '2025-10-03 12:10:12', '2025-10-03 12:10:12', 999999999999999, 999999999999999, 1, 2);
INSERT INTO `t_file` VALUES (726336229486597, 10000100003, 'Planetscale', '/files/20251003/20251003120933923.svg', 0.53, '[\"昼\"]', '2025-10-03 12:10:12', '2025-10-03 12:10:12', 999999999999999, 999999999999999, 1, 2);
INSERT INTO `t_file` VALUES (726336231534597, 10000100003, 'Pnpm', '/files/20251003/20251003120933932.svg', 0.73, '[\"昼\"]', '2025-10-03 12:10:12', '2025-10-03 12:10:12', 999999999999999, 999999999999999, 1, 2);
INSERT INTO `t_file` VALUES (726336233582597, 10000100003, 'Postgresql', '/files/20251003/20251003120933939.svg', 4.73, '[\"昼\"]', '2025-10-03 12:10:12', '2025-10-03 12:10:12', 999999999999999, 999999999999999, 1, 2);
INSERT INTO `t_file` VALUES (726336235630597, 10000100003, 'Powershell', '/files/20251003/20251003120933946.svg', 2.06, '[\"昼\"]', '2025-10-03 12:10:12', '2025-10-03 12:10:12', 999999999999999, 999999999999999, 1, 2);
INSERT INTO `t_file` VALUES (726336237682693, 10000100003, 'Processing', '/files/20251003/20251003120933955.svg', 0.51, '[\"昼\"]', '2025-10-03 12:10:12', '2025-10-03 12:10:12', 999999999999999, 999999999999999, 1, 2);
INSERT INTO `t_file` VALUES (726336239730693, 10000100003, 'Pug', '/files/20251003/20251003120933964.svg', 8.24, '[\"昼\"]', '2025-10-03 12:10:12', '2025-10-03 12:10:12', 999999999999999, 999999999999999, 1, 2);
INSERT INTO `t_file` VALUES (726336241778693, 10000100003, 'Pycharm', '/files/20251003/20251003120933974.svg', 2.93, '[\"昼\"]', '2025-10-03 12:10:12', '2025-10-03 12:10:12', 999999999999999, 999999999999999, 1, 2);
INSERT INTO `t_file` VALUES (726336243826693, 10000100003, 'Python', '/files/20251003/20251003120933987.svg', 1.44, '[\"昼\"]', '2025-10-03 12:10:12', '2025-10-03 12:10:12', 999999999999999, 999999999999999, 1, 2);
INSERT INTO `t_file` VALUES (726336245878789, 10000100003, 'Pytorch', '/files/20251003/20251003120933995.svg', 0.72, '[\"昼\"]', '2025-10-03 12:10:12', '2025-10-03 12:10:12', 999999999999999, 999999999999999, 1, 2);
INSERT INTO `t_file` VALUES (726336247926789, 10000100003, 'Qt', '/files/20251003/20251003120934003.svg', 1.32, '[\"昼\"]', '2025-10-03 12:10:12', '2025-10-03 12:10:12', 999999999999999, 999999999999999, 1, 2);
INSERT INTO `t_file` VALUES (726336249995269, 10000100003, 'R', '/files/20251003/20251003120934011.svg', 1.58, '[\"昼\"]', '2025-10-03 12:10:12', '2025-10-03 12:10:12', 999999999999999, 999999999999999, 1, 2);
INSERT INTO `t_file` VALUES (726336252043269, 10000100003, 'Rabbitmq', '/files/20251003/20251003120934043.svg', 0.82, '[\"昼\"]', '2025-10-03 12:10:12', '2025-10-03 12:10:12', 999999999999999, 999999999999999, 1, 2);
INSERT INTO `t_file` VALUES (726336254091269, 10000100003, 'Raspberrypi', '/files/20251003/20251003120934057.svg', 5.46, '[\"昼\"]', '2025-10-03 12:10:12', '2025-10-03 12:10:12', 999999999999999, 999999999999999, 1, 2);
INSERT INTO `t_file` VALUES (726336256139269, 10000100003, 'React', '/files/20251003/20251003120934068.svg', 1.59, '[\"昼\"]', '2025-10-03 12:10:12', '2025-10-03 12:10:12', 999999999999999, 999999999999999, 1, 2);
INSERT INTO `t_file` VALUES (726336258191365, 10000100003, 'Reactivex', '/files/20251003/20251003120934077.svg', 3.12, '[\"昼\"]', '2025-10-03 12:10:12', '2025-10-03 12:10:12', 999999999999999, 999999999999999, 1, 2);
INSERT INTO `t_file` VALUES (726336260239365, 10000100003, 'Redhat', '/files/20251003/20251003120934086.svg', 1.55, '[\"昼\"]', '2025-10-03 12:10:12', '2025-10-03 12:10:12', 999999999999999, 999999999999999, 1, 2);
INSERT INTO `t_file` VALUES (726336262287365, 10000100003, 'Redis', '/files/20251003/20251003120934096.svg', 2.71, '[\"昼\"]', '2025-10-03 12:10:12', '2025-10-03 12:10:12', 999999999999999, 999999999999999, 1, 2);
INSERT INTO `t_file` VALUES (726336264335365, 10000100003, 'Regex', '/files/20251003/20251003120934106.svg', 2.29, '[\"昼\"]', '2025-10-03 12:10:12', '2025-10-03 12:10:12', 999999999999999, 999999999999999, 1, 2);
INSERT INTO `t_file` VALUES (726336266387461, 10000100003, 'Remix', '/files/20251003/20251003120934115.svg', 1.08, '[\"昼\"]', '2025-10-03 12:10:12', '2025-10-03 12:10:12', 999999999999999, 999999999999999, 1, 2);
INSERT INTO `t_file` VALUES (726336268435461, 10000100003, 'Replit', '/files/20251003/20251003120934124.svg', 0.64, '[\"昼\"]', '2025-10-03 12:10:12', '2025-10-03 12:10:12', 999999999999999, 999999999999999, 1, 2);
INSERT INTO `t_file` VALUES (726336270483461, 10000100003, 'Rider', '/files/20251003/20251003120934133.svg', 2.29, '[\"昼\"]', '2025-10-03 12:10:12', '2025-10-03 12:10:12', 999999999999999, 999999999999999, 1, 2);
INSERT INTO `t_file` VALUES (726336272531461, 10000100003, 'Rollupjs', '/files/20251003/20251003120934142.svg', 3.25, '[\"昼\"]', '2025-10-03 12:10:12', '2025-10-03 12:10:12', 999999999999999, 999999999999999, 1, 2);
INSERT INTO `t_file` VALUES (726336274583557, 10000100003, 'Ros', '/files/20251003/20251003120934152.svg', 1.59, '[\"昼\"]', '2025-10-03 12:10:12', '2025-10-03 12:10:12', 999999999999999, 999999999999999, 1, 2);
INSERT INTO `t_file` VALUES (726336276631557, 10000100003, 'Scala', '/files/20251003/20251003120934161.svg', 1.66, '[\"昼\"]', '2025-10-03 12:10:12', '2025-10-03 12:10:12', 999999999999999, 999999999999999, 1, 2);
INSERT INTO `t_file` VALUES (726336278679557, 10000100003, 'Scikitlearn', '/files/20251003/20251003120934169.svg', 4.76, '[\"昼\"]', '2025-10-03 12:10:12', '2025-10-03 12:10:12', 999999999999999, 999999999999999, 1, 2);
INSERT INTO `t_file` VALUES (726336280731653, 10000100003, 'Sequelize', '/files/20251003/20251003120934177.svg', 2.93, '[\"昼\"]', '2025-10-03 12:10:12', '2025-10-03 12:10:12', 999999999999999, 999999999999999, 1, 2);
INSERT INTO `t_file` VALUES (726336282779653, 10000100003, 'Sketchup', '/files/20251003/20251003120934186.svg', 0.59, '[\"昼\"]', '2025-10-03 12:10:12', '2025-10-03 12:10:12', 999999999999999, 999999999999999, 1, 2);
INSERT INTO `t_file` VALUES (726336284827653, 10000100003, 'Solidjs', '/files/20251003/20251003120934193.svg', 2.37, '[\"昼\"]', '2025-10-03 12:10:12', '2025-10-03 12:10:12', 999999999999999, 999999999999999, 1, 2);
INSERT INTO `t_file` VALUES (726336286875653, 10000100003, 'Spring', '/files/20251003/20251003120934201.svg', 1.17, '[\"昼\"]', '2025-10-03 12:10:12', '2025-10-03 12:10:12', 999999999999999, 999999999999999, 1, 2);
INSERT INTO `t_file` VALUES (726336288923653, 10000100003, 'Stackoverflow', '/files/20251003/20251003120934210.svg', 0.63, '[\"昼\"]', '2025-10-03 12:10:12', '2025-10-03 12:10:12', 999999999999999, 999999999999999, 1, 2);
INSERT INTO `t_file` VALUES (726336290975749, 10000100003, 'Sublime', '/files/20251003/20251003120934219.svg', 1.44, '[\"昼\"]', '2025-10-03 12:10:12', '2025-10-03 12:10:12', 999999999999999, 999999999999999, 1, 2);
INSERT INTO `t_file` VALUES (726336293023749, 10000100003, 'Supabase', '/files/20251003/20251003120934229.svg', 1.20, '[\"昼\"]', '2025-10-03 12:10:12', '2025-10-03 12:10:12', 999999999999999, 999999999999999, 1, 2);
INSERT INTO `t_file` VALUES (726336295071749, 10000100003, 'Svg', '/files/20251003/20251003120934237.svg', 3.66, '[\"昼\"]', '2025-10-03 12:10:12', '2025-10-03 12:10:12', 999999999999999, 999999999999999, 1, 2);
INSERT INTO `t_file` VALUES (726336297123845, 10000100003, 'Symfony', '/files/20251003/20251003120934246.svg', 2.00, '[\"昼\"]', '2025-10-03 12:10:12', '2025-10-03 12:10:12', 999999999999999, 999999999999999, 1, 2);
INSERT INTO `t_file` VALUES (726336299171845, 10000100003, 'Tailwindcss', '/files/20251003/20251003120934255.svg', 0.76, '[\"昼\"]', '2025-10-03 12:10:12', '2025-10-03 12:10:12', 999999999999999, 999999999999999, 1, 2);
INSERT INTO `t_file` VALUES (726336301219845, 10000100003, 'Tauri', '/files/20251003/20251003120934264.svg', 2.05, '[\"昼\"]', '2025-10-03 12:10:12', '2025-10-03 12:10:12', 999999999999999, 999999999999999, 1, 2);
INSERT INTO `t_file` VALUES (726336303267845, 10000100003, 'Tensorflow', '/files/20251003/20251003120934274.svg', 0.46, '[\"昼\"]', '2025-10-03 12:10:12', '2025-10-03 12:10:12', 999999999999999, 999999999999999, 1, 2);
INSERT INTO `t_file` VALUES (726336305319941, 10000100003, 'Terraform', '/files/20251003/20251003120934281.svg', 0.62, '[\"昼\"]', '2025-10-03 12:10:12', '2025-10-03 12:10:12', 999999999999999, 999999999999999, 1, 2);
INSERT INTO `t_file` VALUES (726336307367941, 10000100003, 'Threejs', '/files/20251003/20251003120934289.svg', 0.83, '[\"昼\"]', '2025-10-03 12:10:12', '2025-10-03 12:10:12', 999999999999999, 999999999999999, 1, 2);
INSERT INTO `t_file` VALUES (726336309415941, 10000100003, 'Ubuntu', '/files/20251003/20251003120934298.svg', 2.14, '[\"昼\"]', '2025-10-03 12:10:12', '2025-10-03 12:10:12', 999999999999999, 999999999999999, 1, 2);
INSERT INTO `t_file` VALUES (726336311463941, 10000100003, 'Unity', '/files/20251003/20251003120934307.svg', 1.56, '[\"昼\"]', '2025-10-03 12:10:12', '2025-10-03 12:10:12', 999999999999999, 999999999999999, 1, 2);
INSERT INTO `t_file` VALUES (726336313516037, 10000100003, 'V', '/files/20251003/20251003120934316.svg', 1.18, '[\"昼\"]', '2025-10-03 12:10:12', '2025-10-03 12:10:12', 999999999999999, 999999999999999, 1, 2);
INSERT INTO `t_file` VALUES (726336315564037, 10000100003, 'Vercel', '/files/20251003/20251003120934325.svg', 0.31, '[\"昼\"]', '2025-10-03 12:10:12', '2025-10-03 12:10:12', 999999999999999, 999999999999999, 1, 2);
INSERT INTO `t_file` VALUES (726336317612037, 10000100003, 'Vim', '/files/20251003/20251003120934334.svg', 0.82, '[\"昼\"]', '2025-10-03 12:10:12', '2025-10-03 12:10:12', 999999999999999, 999999999999999, 1, 2);
INSERT INTO `t_file` VALUES (726336319660037, 10000100003, 'Visualstudio', '/files/20251003/20251003120934342.svg', 5.88, '[\"昼\"]', '2025-10-03 12:10:12', '2025-10-03 12:10:12', 999999999999999, 999999999999999, 1, 2);
INSERT INTO `t_file` VALUES (726336321712133, 10000100003, 'Vite', '/files/20251003/20251003120934354.svg', 1.41, '[\"昼\"]', '2025-10-03 12:10:12', '2025-10-03 12:10:12', 999999999999999, 999999999999999, 1, 2);
INSERT INTO `t_file` VALUES (726336323760133, 10000100003, 'Vitest', '/files/20251003/20251003120934362.svg', 1.20, '[\"昼\"]', '2025-10-03 12:10:12', '2025-10-03 12:10:12', 999999999999999, 999999999999999, 1, 2);
INSERT INTO `t_file` VALUES (726336325808133, 10000100003, 'Vscode', '/files/20251003/20251003120934371.svg', 0.94, '[\"昼\"]', '2025-10-03 12:10:12', '2025-10-03 12:10:12', 999999999999999, 999999999999999, 1, 2);
INSERT INTO `t_file` VALUES (726336327856133, 10000100003, 'Vscodium', '/files/20251003/20251003120934379.svg', 2.34, '[\"昼\"]', '2025-10-03 12:10:12', '2025-10-03 12:10:12', 999999999999999, 999999999999999, 1, 2);
INSERT INTO `t_file` VALUES (726336329908229, 10000100003, 'Vuejs', '/files/20251003/20251003120934389.svg', 0.48, '[\"昼\"]', '2025-10-03 12:10:12', '2025-10-03 12:10:12', 999999999999999, 999999999999999, 1, 2);
INSERT INTO `t_file` VALUES (726336331956229, 10000100003, 'Vuetify', '/files/20251003/20251003120934405.svg', 0.94, '[\"昼\"]', '2025-10-03 12:10:12', '2025-10-03 12:10:12', 999999999999999, 999999999999999, 1, 2);
INSERT INTO `t_file` VALUES (726336334004229, 10000100003, 'Webpack', '/files/20251003/20251003120934415.svg', 0.75, '[\"昼\"]', '2025-10-03 12:10:12', '2025-10-03 12:10:12', 999999999999999, 999999999999999, 1, 2);
INSERT INTO `t_file` VALUES (726336336056325, 10000100003, 'Webstorm', '/files/20251003/20251003120934424.svg', 2.02, '[\"昼\"]', '2025-10-03 12:10:12', '2025-10-03 12:10:12', 999999999999999, 999999999999999, 1, 2);
INSERT INTO `t_file` VALUES (726336338104325, 10000100003, 'Windicss', '/files/20251003/20251003120934434.svg', 1.82, '[\"昼\"]', '2025-10-03 12:10:12', '2025-10-03 12:10:12', 999999999999999, 999999999999999, 1, 2);
INSERT INTO `t_file` VALUES (726336340152325, 10000100003, 'Windows', '/files/20251003/20251003120934443.svg', 0.70, '[\"昼\"]', '2025-10-03 12:10:12', '2025-10-03 12:10:12', 999999999999999, 999999999999999, 1, 2);
INSERT INTO `t_file` VALUES (726336342200325, 10000100003, 'Workers', '/files/20251003/20251003120934481.svg', 3.73, '[\"昼\"]', '2025-10-03 12:10:12', '2025-10-03 12:10:12', 999999999999999, 999999999999999, 1, 2);
INSERT INTO `t_file` VALUES (726336344252421, 10000100003, 'Yarn', '/files/20251003/20251003120934492.svg', 4.76, '[\"昼\"]', '2025-10-03 12:10:12', '2025-10-03 12:10:12', 999999999999999, 999999999999999, 1, 2);
INSERT INTO `t_file` VALUES (726336346300421, 10000100003, 'Yew', '/files/20251003/20251003120934503.svg', 0.97, '[\"昼\"]', '2025-10-03 12:10:12', '2025-10-03 12:10:12', 999999999999999, 999999999999999, 1, 2);
INSERT INTO `t_file` VALUES (726336348348421, 10000100003, 'Zig', '/files/20251003/20251003120934514.svg', 1.08, '[\"昼\"]', '2025-10-03 12:10:12', '2025-10-03 12:10:12', 999999999999999, 999999999999999, 1, 2);



-- ----------------------------
-- Table structure for t_label
-- ----------------------------
DROP TABLE IF EXISTS `t_label`;
CREATE TABLE `t_label`  (
  `id` bigint UNSIGNED NOT NULL AUTO_INCREMENT COMMENT '主键',
  `classify_id` bigint UNSIGNED NOT NULL COMMENT '类别ID',
  `name` varchar(16) CHARACTER SET utf8mb4 COLLATE utf8mb4_general_ci NOT NULL COMMENT '标签名',
  `cover` varchar(128) CHARACTER SET utf8mb4 COLLATE utf8mb4_general_ci NOT NULL COMMENT '封面地址',
  `introduction` varchar(128) CHARACTER SET utf8mb4 COLLATE utf8mb4_general_ci NOT NULL COMMENT '简介',
  `create_time` datetime NOT NULL DEFAULT CURRENT_TIMESTAMP COMMENT '创建时间',
  `update_time` datetime NOT NULL DEFAULT CURRENT_TIMESTAMP COMMENT '更新时间',
  `create_by` bigint UNSIGNED NOT NULL COMMENT '创建人',
  `update_by` bigint UNSIGNED NOT NULL COMMENT '修改人',
  `is_enabled` tinyint UNSIGNED NOT NULL DEFAULT 1 COMMENT '是否启用',
  `is_reviewed` tinyint UNSIGNED NOT NULL DEFAULT 2 COMMENT '是否通过审核',
  PRIMARY KEY (`id`) USING BTREE,
  INDEX `t_label_classify_id_index`(`classify_id` ASC) USING BTREE
) ENGINE = InnoDB AUTO_INCREMENT = 50000100002 CHARACTER SET = utf8mb4 COLLATE = utf8mb4_general_ci COMMENT = '标签表' ROW_FORMAT = DYNAMIC;

-- ----------------------------
-- Records of t_label
-- ----------------------------
INSERT INTO `t_label` VALUES (10000100001, 100001, '头像', '/files/20250327/20250327174930092.webp', '随机头像', '2025-05-01 22:07:33', '2025-06-11 02:22:14', 999999999999999, 999999999999999, 1, 1);
INSERT INTO `t_label` VALUES (10000100002, 100001, '背景', '/files/20250327/20250327174923589.webp', '随机背景', '2025-05-01 22:07:33', '2025-06-11 10:45:10', 999999999999999, 999999999999999, 1, 1);
INSERT INTO `t_label` VALUES (10000100003, 100001, '技能图标', '/files/20250405/20250405201329777.webp', '技能图标', '2025-09-23 18:25:40', '2025-09-23 18:25:45', 999999999999999, 999999999999999, 1, 1);
INSERT INTO `t_label` VALUES (20000100001, 200001, '我们生活在巨大的差距里', '/files/20250327/20250327211958412.webp', '这就是我们今天的生活，不平衡的生活。 区域之间的不平衡、经济发展的不平衡，个人生活的不平衡等等，然后就是心理的不平衡，最后连梦想都不平衡了。', '2025-05-01 22:07:33', '2025-06-11 10:48:13', 999999999999999, 999999999999999, 1, 1);
INSERT INTO `t_label` VALUES (20000100002, 200001, '说走就走', '/files/20250405/20250405201143311.webp', '去哪儿不重要，重要的是去！', '2025-05-01 22:07:33', '2025-06-11 10:48:35', 999999999999999, 999999999999999, 1, 1);
INSERT INTO `t_label` VALUES (20000100003, 200001, '待到重阳日\r\n', '/files/20250327/20250327215042845.webp', '改天是哪天，下次是那次，以后是多久，去经历，去后悔，去热爱，去记录，去感受，去奔赴山海。', '2025-05-01 22:07:33', '2025-06-11 10:49:27', 999999999999999, 999999999999999, 1, 1);
INSERT INTO `t_label` VALUES (20000200001, 200002, 'TypeScript', '/files/20250327/20250327173239381.webp', 'TypeScript 是 JavaScript 的超集，扩展了 JavaScript 的语法，TypeScript 通过类型注解提供编译时的静态类型检查。', '2025-05-01 22:07:33', '2025-06-11 10:49:51', 999999999999999, 999999999999999, 1, 1);
INSERT INTO `t_label` VALUES (20000200002, 200002, 'Redis', '/files/20250327/20250327173718255.webp', 'Redis是一个简单、高效、分布式、基于内存的缓存工具，通过网络连接提供Key-Value式的缓存服务。', '2025-05-01 22:07:33', '2025-06-11 10:50:06', 999999999999999, 999999999999999, 1, 1);
INSERT INTO `t_label` VALUES (20000200003, 200002, 'Git', '/files/20250327/20250327174930092.webp', 'Git 是一个开源的分布式版本控制系统，用于敏捷高效地处理任何或小或大的项目。', '2025-05-01 22:07:33', '2025-06-11 10:50:15', 999999999999999, 999999999999999, 1, 1);
INSERT INTO `t_label` VALUES (20000200004, 200002, 'JWT', '/files/20250327/20250327174923589.webp', 'JSON Web Token (JWT)是一个开放标准(RFC 7519) ，用于作为 JSON 对象在各方之间安全地传输信息。', '2025-05-01 22:07:33', '2025-06-11 10:50:25', 999999999999999, 999999999999999, 1, 1);
INSERT INTO `t_label` VALUES (20000200005, 200002, 'MongDB', '/files/20250327/20250327175033911.webp', 'MongoDB 是一个基于分布式文件存储的数据库。旨在为 WEB 应用提供可扩展的高性能数据存储解决方案。', '2025-05-01 22:07:33', '2025-06-11 10:50:39', 999999999999999, 999999999999999, 1, 1);
INSERT INTO `t_label` VALUES (20000200006, 200002, 'K8S', '/files/20250327/20250327180342799.webp', 'Kubernetes 是一个开源的容器编排引擎，用来对容器化应用进行自动化部署、 扩缩和管理。', '2025-05-01 22:07:33', '2025-06-11 10:51:04', 999999999999999, 999999999999999, 1, 1);
INSERT INTO `t_label` VALUES (20000200007, 200002, 'HTML', '/files/20250327/20250327205217775.webp', 'HTML 是一种用于创建网页的标准标记语言。您可以使用 HTML 来建立自己的 WEB 站点，HTML 运行在浏览器上，由浏览器来解析。', '2025-05-01 22:07:33', '2025-06-11 10:51:25', 999999999999999, 999999999999999, 1, 1);
INSERT INTO `t_label` VALUES (20000200008, 200002, 'Nginx', '/files/20250327/20250327205506421.webp', 'Nginx是一款轻量级的Web服务器、反向代理服务器，由于它的内存占用少，启动极快，高并发能力强，在互联网项目中广泛应用。', '2025-05-01 22:07:33', '2025-06-11 10:51:39', 999999999999999, 999999999999999, 1, 1);
INSERT INTO `t_label` VALUES (20000200009, 200002, 'Java', '/files/20250327/20250327204833525.webp', 'Java 是由 Sun Microsystems 公司于 1995 年 5 月推出的 Java 面向对象程序设计语言和 Java 平台的总称。', '2025-05-01 22:07:33', '2025-06-11 10:51:49', 999999999999999, 999999999999999, 1, 1);
INSERT INTO `t_label` VALUES (20000200010, 200002, 'Python', '/files/20250327/20250327205020321.webp', 'Python 是一种解释型、面向对象、动态数据类型的高级程序设计语言。由 Guido van Rossum 于 1989 年底发明，第一个公开发行版发行于 1991 年。', '2025-05-01 22:07:33', '2025-06-11 10:52:00', 999999999999999, 999999999999999, 1, 1);
INSERT INTO `t_label` VALUES (20000200011, 200002, 'Shiro', '/files/20250327/20250327205212718.webp', 'Apache Shiro™是一个强大且易用的Java安全框架，能够用于身份验证、授权、加密和会话管理。', '2025-05-01 22:07:33', '2025-06-11 10:52:11', 999999999999999, 999999999999999, 1, 1);
INSERT INTO `t_label` VALUES (20000200012, 200002, 'Vue', '/files/20250327/20250327205559028.webp', 'Vue 是一款用于构建用户界面的 JavaScript 框架。它基于标准 HTML、CSS 和 JavaScript 构建，并提供了一套声明式的、组件化的编程模型，帮助你高效地开发用户界面。', '2025-05-01 22:07:33', '2025-06-11 10:52:22', 999999999999999, 999999999999999, 1, 1);
INSERT INTO `t_label` VALUES (20000200013, 200002, 'MySQL', '/files/20250327/20250327205703868.webp', 'MySQL 是最流行的关系型数据库管理系统，在 WEB 应用方面 MySQL 是最好的 RDBMS 应用软件之一。', '2025-05-01 22:07:33', '2025-06-11 10:52:43', 999999999999999, 999999999999999, 1, 1);
INSERT INTO `t_label` VALUES (20000200014, 200002, 'Axios', '/files/20250327/20250327205836110.webp', 'Axios 是一个基于 promise 网络请求库，作用于node.js 和浏览器中。', '2025-05-01 22:07:33', '2025-06-11 10:52:55', 999999999999999, 999999999999999, 1, 1);
INSERT INTO `t_label` VALUES (20000200015, 200002, 'MyBatis', '/files/20250327/20250327205838157.webp', 'MyBatis 是一流的持久性框架，支持自定义 SQL、存储过程和高级映射。MyBatis 消除了几乎所有的 JDBC 代码、手动参数设置和结果检索。', '2025-05-01 22:07:33', '2025-06-11 10:53:24', 999999999999999, 999999999999999, 1, 1);
INSERT INTO `t_label` VALUES (20000200016, 200002, 'Docker', '/files/20250327/20250327205840068.webp', 'Docker 是一个开源的应用容器引擎，可以让开发者打包他们的应用以及依赖包到一个轻量级、可移植的容器中，然后发布到任何流行的 Linux 机器上，也可以实现虚拟化。', '2025-05-01 22:07:33', '2025-06-11 10:53:36', 999999999999999, 999999999999999, 1, 1);
INSERT INTO `t_label` VALUES (20000200017, 200002, 'Spring 系列', '/files/20250327/20250327210938769.webp', '低侵入式设计，代码的污染极低，Spring的IoC容器降低了业务对象替换的复杂性，提高了组件之间的解耦。AOP支持允许将一些通用任务如安全、事务、日志等进行集中式管理，从而提供了更好的复用。', '2025-05-01 22:07:33', '2025-06-11 10:54:01', 999999999999999, 999999999999999, 1, 1);
INSERT INTO `t_label` VALUES (20000200018, 200002, 'CSS', '/files/20250327/20250327210124642.webp', 'CSS（层叠样式表）用于设置网页的样式及布局。', '2025-06-11 01:03:35', '2025-06-11 10:54:34', 999999999999999, 999999999999999, 1, 2);
INSERT INTO `t_label` VALUES (20000300001, 200003, '电影TOP100', '/files/20250327/20250327212127484.webp', '电影推荐前100', '2025-05-01 22:07:33', '2025-06-11 10:55:00', 999999999999999, 999999999999999, 1, 1);
INSERT INTO `t_label` VALUES (20000300002, 200003, '音乐TOP100', '/files/20250405/20250405201314710.webp', '音乐推荐前100', '2025-05-01 22:07:33', '2025-06-11 10:55:44', 999999999999999, 999999999999999, 1, 1);
INSERT INTO `t_label` VALUES (20000300003, 200003, '小说TOP100', '/files/20250327/20250327212239377.webp', '小说推荐前100', '2025-05-01 22:07:33', '2025-06-11 10:56:15', 999999999999999, 999999999999999, 1, 1);
INSERT INTO `t_label` VALUES (30000100001, 300001, '部署文档', '/files/20250327/20250327212447462.webp', '项目部署文档', '2025-05-01 22:07:33', '2025-06-11 10:56:32', 999999999999999, 999999999999999, 1, 1);
INSERT INTO `t_label` VALUES (40000100001, 400001, '友情链接', '/files/20250327/20250327215845085.webp', '默认友情链接', '2025-05-01 22:07:33', '2025-06-11 10:57:01', 999999999999999, 999999999999999, 1, 1);
INSERT INTO `t_label` VALUES (50000100001, 500001, '旅拍', '/files/20250327/20250327212439714.webp', '旅游途中的记录', '2025-05-01 22:07:33', '2025-05-01 22:07:33', 999999999999999, 999999999999999, 1, 1);

-- ----------------------------
-- Table structure for t_leave_word
-- ----------------------------
DROP TABLE IF EXISTS `t_leave_word`;
CREATE TABLE `t_leave_word`  (
  `id` bigint NOT NULL AUTO_INCREMENT COMMENT '主键',
  `ip` varchar(64) CHARACTER SET utf8mb4 COLLATE utf8mb4_general_ci NOT NULL COMMENT '发送人ip地址',
  `avatar` varchar(128) CHARACTER SET utf8mb4 COLLATE utf8mb4_general_ci NOT NULL COMMENT '随机头像',
  `content` varchar(32) CHARACTER SET utf8mb4 COLLATE utf8mb4_general_ci NOT NULL COMMENT '留言内容',
  `create_time` datetime NOT NULL DEFAULT CURRENT_TIMESTAMP COMMENT '创建时间',
  PRIMARY KEY (`id`) USING BTREE
) ENGINE = InnoDB AUTO_INCREMENT = 17430594727844 CHARACTER SET = utf8mb4 COLLATE = utf8mb4_general_ci COMMENT = '留言表' ROW_FORMAT = DYNAMIC;

-- ----------------------------
-- Table structure for t_like
-- ----------------------------
DROP TABLE IF EXISTS `t_like`;
CREATE TABLE `t_like`  (
  `id` bigint UNSIGNED NOT NULL AUTO_INCREMENT,
  `user_id` bigint UNSIGNED NOT NULL COMMENT '点赞用户',
  `source_id` bigint UNSIGNED NOT NULL COMMENT '源ID',
  `is_liked` tinyint UNSIGNED NOT NULL DEFAULT 1 COMMENT '是否点赞',
  `create_time` datetime NOT NULL DEFAULT CURRENT_TIMESTAMP COMMENT '创建时间',
  PRIMARY KEY (`id`) USING BTREE,
  INDEX `t_like_source_id_index`(`source_id` ASC, `is_liked` ASC) USING BTREE
) ENGINE = InnoDB AUTO_INCREMENT = 25 CHARACTER SET = utf8mb4 COLLATE = utf8mb4_0900_ai_ci COMMENT = '点赞映射表' ROW_FORMAT = DYNAMIC;

-- ----------------------------
-- Table structure for t_role
-- ----------------------------
DROP TABLE IF EXISTS `t_role`;
CREATE TABLE `t_role`  (
  `id` bigint UNSIGNED NOT NULL AUTO_INCREMENT COMMENT '主键',
  `name` varchar(16) CHARACTER SET utf8mb4 COLLATE utf8mb4_general_ci NOT NULL COMMENT '角色名称',
  `experience` int UNSIGNED NOT NULL DEFAULT 0 COMMENT '需要的经验值',
  `permission` varchar(512) CHARACTER SET utf8mb4 COLLATE utf8mb4_general_ci NOT NULL COMMENT '权限字符',
  `introduction` varchar(255) CHARACTER SET utf8mb4 COLLATE utf8mb4_general_ci NOT NULL COMMENT '权限描述',
  `create_time` datetime NOT NULL DEFAULT CURRENT_TIMESTAMP COMMENT '创建时间',
  `is_admin` tinyint NOT NULL DEFAULT 0 COMMENT '是否管理员角色',
  `is_enabled` tinyint(1) NOT NULL DEFAULT 1 COMMENT '是否启用',
  PRIMARY KEY (`id`) USING BTREE
) ENGINE = InnoDB AUTO_INCREMENT = 600001 CHARACTER SET = utf8mb4 COLLATE = utf8mb4_general_ci COMMENT = '角色表' ROW_FORMAT = DYNAMIC;

-- ----------------------------
-- Records of t_role
-- ----------------------------
INSERT INTO `t_role` VALUES (10001, '凡人', 1024, '[\"comment:insert\",\"like:insert\",\"user:update\",\"website:insert\"]', '1. 发布评论\n2. 点赞操作\n3. 发布友链\n', '2025-03-09 15:26:06', 0, 1);
INSERT INTO `t_role` VALUES (20001, '武徒', 1280, '[\"comment:insert\",\"like:insert\",\"user:update\",\"website:insert\"]', '1. 发布评论\n2. 点赞操作\n3. 发布友链', '2025-03-04 21:15:13', 0, 1);
INSERT INTO `t_role` VALUES (30001, '一元境-武士', 1792, '[\"comment:insert\",\"like:insert\",\"user:update\",\"website:admin\"]', '1. 发布评论\n2. 点赞操作\n3. 发布、管理友链', '2025-03-04 20:26:14', 0, 1);
INSERT INTO `t_role` VALUES (40001, '二分境-武师', 2304, '[\"comment:insert\",\"like:insert\",\"user:update\",\"website:admin\"]', '1. 发布评论\n2. 点赞操作\n3. 发布、管理友链', '2025-03-04 20:26:05', 0, 1);
INSERT INTO `t_role` VALUES (40002, '三才境-大武师', 2816, '[\"comment:insert\",\"like:insert\",\"user:update\",\"website:admin\"]', '1. 发布评论\n2. 点赞操作\n3. 发布、管理友链', '2025-03-04 20:25:51', 0, 1);
INSERT INTO `t_role` VALUES (40003, '四象境-武君', 3840, '[\"comment:insert\",\"diary:admin\",\"like:insert\",\"user:update\",\"website:admin\"]', '1. 发布评论\n2. 点赞操作\n3. 发布、管理友链\n4. 发布、管理日记', '2025-03-04 20:25:44', 0, 1);
INSERT INTO `t_role` VALUES (40004, '五行境-武王', 4864, '[\"comment:insert\",\"diary:admin\",\"like:insert\",\"user:update\",\"website:admin\"]', '1. 发布评论\n2. 点赞操作\n3. 发布、管理友链\n4. 发布、管理日记', '2025-03-04 20:25:30', 0, 1);
INSERT INTO `t_role` VALUES (40005, '六合境-武宗', 5888, '[\"comment:insert\",\"diary:admin\",\"like:insert\",\"user:update\",\"website:admin\"]', '1. 发布评论\n2. 点赞操作\n3. 发布、管理友链\n4. 发布、管理日记', '2025-03-04 20:24:26', 0, 1);
INSERT INTO `t_role` VALUES (50001, '七宿境-武皇', 7936, '[\"article:admin\",\"comment:insert\",\"diary:admin\",\"like:insert\",\"user:update\",\"website:admin\"]', '1. 发布评论\n2. 点赞操作\n3. 发布、管理友链\n4. 发布、管理日记\n5. 发布、管理文章', '2025-03-04 20:23:28', 0, 1);
INSERT INTO `t_role` VALUES (50002, '八荒境-武尊', 9984, '[\"article:admin\",\"comment:insert\",\"diary:admin\",\"like:insert\",\"user:update\",\"website:admin\"]', '1. 发布评论\n2. 点赞操作\n3. 发布、管理友链\n4. 发布、管理日记\n5. 发布、管理文章', '2024-06-22 15:42:13', 0, 1);
INSERT INTO `t_role` VALUES (50003, '九天境-武帝', 12032, '[\"article:admin\",\"comment:insert\",\"diary:admin\",\"like:insert\",\"user:update\",\"website:admin\"]', '1. 发布评论\n2. 点赞操作\n3. 发布、管理友链\n4. 发布、管理日记\n5. 发布、管理文章', '2024-06-22 15:42:13', 0, 1);
INSERT INTO `t_role` VALUES (50004, '十方神境', 16128, '[\"album:admin\",\"article:admin\",\"comment:insert\",\"diary:admin\",\"like:insert\",\"user:update\",\"website:admin\"]', '1. 发布评论\n2. 点赞操作\n3. 发布、管理友链\n4. 发布、管理日记\n5. 发布、管理文章\n6. 发布、管理相册', '2024-06-22 15:42:13', 0, 1);
INSERT INTO `t_role` VALUES (50005, '归真神境', 20224, '[\"album:admin\",\"article:admin\",\"comment:insert\",\"diary:admin\",\"like:insert\",\"user:update\",\"website:admin\"]', '1. 发布评论\n2. 点赞操作\n3. 发布、管理友链\n4. 发布、管理日记\n5. 发布、管理文章\n6. 发布、管理相册', '2024-06-22 15:42:13', 0, 1);
INSERT INTO `t_role` VALUES (50006, '掌天神境', 24320, '[\"album:admin\",\"article:admin\",\"comment:insert\",\"diary:admin\",\"like:insert\",\"user:update\",\"website:admin\"]', '1. 发布评论\n2. 点赞操作\n3. 发布、管理友链\n4. 发布、管理日记\n5. 发布、管理文章\n6. 发布、管理相册', '2024-06-22 15:42:13', 0, 1);
INSERT INTO `t_role` VALUES (50007, '虚极神境', 32512, '[\"album:admin\",\"article:admin\",\"comment:insert\",\"diary:admin\",\"label:admin\",\"like:insert\",\"user:update\",\"website:admin\"]', '1. 发布评论\n2. 点赞操作\n3. 发布、管理友链\n4. 发布、管理日记\n5. 发布、管理文章\n6. 发布、管理相册\n7. 发布、管理标签', '2024-06-22 15:42:13', 0, 1);
INSERT INTO `t_role` VALUES (50008, '造化神境', 40704, '[\"album:admin\",\"article:admin\",\"comment:insert\",\"diary:admin\",\"label:admin\",\"like:insert\",\"user:update\",\"website:admin\"]', '1. 发布评论\n2. 点赞操作\n3. 发布、管理友链\n4. 发布、管理日记\n5. 发布、管理文章\n6. 发布、管理相册\n7. 发布、管理标签', '2024-06-22 15:42:13', 0, 1);
INSERT INTO `t_role` VALUES (50009, '百劫界王', 57088, '[\"album:admin\",\"article:admin\",\"classify:admin\",\"comment:insert\",\"diary:admin\",\"label:admin\",\"like:insert\",\"user:update\",\"website:admin\"]', '1. 发布评论\n2. 点赞操作\n3. 发布、管理友链\n4. 发布、管理日记\n5. 发布、管理文章\n6. 发布、管理相册\n7. 发布、管理标签\n8. 发布、管理类别', '2024-06-22 15:42:13', 0, 1);
INSERT INTO `t_role` VALUES (50010, '千界之主', 89856, '[\"album:admin\",\"article:admin\",\"classify:admin\",\"comment:insert\",\"diary:admin\",\"label:admin\",\"like:insert\",\"user:update\",\"website:admin\"]', '1. 发布评论\n2. 点赞操作\n3. 发布、管理友链\n4. 发布、管理日记\n5. 发布、管理文章\n6. 发布、管理相册\n7. 发布、管理标签\n8. 发布、管理类别', '2024-06-22 15:42:13', 0, 1);
INSERT INTO `t_role` VALUES (60000, '万古至尊', 122624, '[\"album:admin\",\"article:admin\",\"classify:admin\",\"comment:insert\",\"diary:admin\",\"file:admin\",\"label:admin\",\"like:insert\",\"user:update\",\"website:admin\"]', '1. 发布评论\n2. 点赞操作\n3. 发布、管理友链\n4. 发布、管理日记\n5. 发布、管理文章\n6. 发布、管理相册\n7. 发布、管理标签\n8. 发布、管理类别\n9. 发布、管理文件', '2025-03-14 18:52:21', 0, 1);
INSERT INTO `t_role` VALUES (100001, '凡人 (UP)', 1024, '[\"album:admin\",\"article:admin\",\"classify:admin\",\"comment:admin\",\"diary:admin\",\"file:admin\",\"label:admin\",\"leave_word:admin\",\"like:admin\",\"role:admin\",\"router:admin\",\"user:admin\",\"website:admin\"]', '1. 完全控制系统', '2025-03-09 15:26:06', 1, 1);
INSERT INTO `t_role` VALUES (200001, '武徒 (UP)', 1280, '[\"album:admin\",\"article:admin\",\"classify:admin\",\"comment:admin\",\"diary:admin\",\"file:admin\",\"label:admin\",\"leave_word:admin\",\"like:admin\",\"role:admin\",\"router:admin\",\"user:admin\",\"website:admin\"]', '1. 完全控制系统', '2025-03-04 21:15:13', 1, 1);
INSERT INTO `t_role` VALUES (300001, '一元境-武士 (UP)', 1792, '[\"album:admin\",\"article:admin\",\"classify:admin\",\"comment:admin\",\"diary:admin\",\"file:admin\",\"label:admin\",\"leave_word:admin\",\"like:admin\",\"role:admin\",\"router:admin\",\"user:admin\",\"website:admin\"]', '1. 完全控制系统', '2025-03-04 20:26:14', 1, 1);
INSERT INTO `t_role` VALUES (400001, '二分境-武师 (UP)', 2304, '[\"album:admin\",\"article:admin\",\"classify:admin\",\"comment:admin\",\"diary:admin\",\"file:admin\",\"label:admin\",\"leave_word:admin\",\"like:admin\",\"role:admin\",\"router:admin\",\"user:admin\",\"website:admin\"]', '1. 完全控制系统', '2025-03-04 20:26:05', 1, 1);
INSERT INTO `t_role` VALUES (400002, '三才境-大武师 (UP)', 2816, '[\"album:admin\",\"article:admin\",\"classify:admin\",\"comment:admin\",\"diary:admin\",\"file:admin\",\"label:admin\",\"leave_word:admin\",\"like:admin\",\"role:admin\",\"router:admin\",\"user:admin\",\"website:admin\"]', '1. 完全控制系统', '2025-03-04 20:25:51', 1, 1);
INSERT INTO `t_role` VALUES (400003, '四象境-武君 (UP)', 3840, '[\"album:admin\",\"article:admin\",\"classify:admin\",\"comment:admin\",\"diary:admin\",\"file:admin\",\"label:admin\",\"leave_word:admin\",\"like:admin\",\"role:admin\",\"router:admin\",\"user:admin\",\"website:admin\"]', '1. 完全控制系统', '2025-03-04 20:25:44', 1, 1);
INSERT INTO `t_role` VALUES (400004, '五行境-武王 (UP)', 4864, '[\"album:admin\",\"article:admin\",\"classify:admin\",\"comment:admin\",\"diary:admin\",\"file:admin\",\"label:admin\",\"leave_word:admin\",\"like:admin\",\"role:admin\",\"router:admin\",\"user:admin\",\"website:admin\"]', '1. 完全控制系统', '2025-03-04 20:25:30', 1, 1);
INSERT INTO `t_role` VALUES (400005, '六合境-武宗 (UP)', 5888, '[\"album:admin\",\"article:admin\",\"classify:admin\",\"comment:admin\",\"diary:admin\",\"file:admin\",\"label:admin\",\"leave_word:admin\",\"like:admin\",\"role:admin\",\"router:admin\",\"user:admin\",\"website:admin\"]', '1. 完全控制系统', '2025-03-04 20:24:26', 1, 1);
INSERT INTO `t_role` VALUES (500001, '七宿境-武皇 (UP)', 7936, '[\"album:admin\",\"article:admin\",\"classify:admin\",\"comment:admin\",\"diary:admin\",\"file:admin\",\"label:admin\",\"leave_word:admin\",\"like:admin\",\"role:admin\",\"router:admin\",\"user:admin\",\"website:admin\"]', '1. 完全控制系统', '2025-03-04 20:23:28', 1, 1);
INSERT INTO `t_role` VALUES (500002, '八荒境-武尊 (UP)', 9984, '[\"album:admin\",\"article:admin\",\"classify:admin\",\"comment:admin\",\"diary:admin\",\"file:admin\",\"label:admin\",\"leave_word:admin\",\"like:admin\",\"role:admin\",\"router:admin\",\"user:admin\",\"website:admin\"]', '1. 完全控制系统', '2024-06-22 15:42:13', 1, 1);
INSERT INTO `t_role` VALUES (500003, '九天境-武帝 (UP)', 12032, '[\"album:admin\",\"article:admin\",\"classify:admin\",\"comment:admin\",\"diary:admin\",\"file:admin\",\"label:admin\",\"leave_word:admin\",\"like:admin\",\"role:admin\",\"router:admin\",\"user:admin\",\"website:admin\"]', '1. 完全控制系统', '2024-06-22 15:42:13', 1, 1);
INSERT INTO `t_role` VALUES (500004, '十方神境 (UP)', 16128, '[\"album:admin\",\"article:admin\",\"classify:admin\",\"comment:admin\",\"diary:admin\",\"file:admin\",\"label:admin\",\"leave_word:admin\",\"like:admin\",\"role:admin\",\"router:admin\",\"user:admin\",\"website:admin\"]', '1. 完全控制系统', '2024-06-22 15:42:13', 1, 1);
INSERT INTO `t_role` VALUES (500005, '归真神境 (UP)', 20224, '[\"album:admin\",\"article:admin\",\"classify:admin\",\"comment:admin\",\"diary:admin\",\"file:admin\",\"label:admin\",\"leave_word:admin\",\"like:admin\",\"role:admin\",\"router:admin\",\"user:admin\",\"website:admin\"]', '1. 完全控制系统', '2024-06-22 15:42:13', 1, 1);
INSERT INTO `t_role` VALUES (500006, '掌天神境 (UP)', 24320, '[\"album:admin\",\"article:admin\",\"classify:admin\",\"comment:admin\",\"diary:admin\",\"file:admin\",\"label:admin\",\"leave_word:admin\",\"like:admin\",\"role:admin\",\"router:admin\",\"user:admin\",\"website:admin\"]', '1. 完全控制系统', '2024-06-22 15:42:13', 1, 1);
INSERT INTO `t_role` VALUES (500007, '虚极神境 (UP)', 32512, '[\"album:admin\",\"article:admin\",\"classify:admin\",\"comment:admin\",\"diary:admin\",\"file:admin\",\"label:admin\",\"leave_word:admin\",\"like:admin\",\"role:admin\",\"router:admin\",\"user:admin\",\"website:admin\"]', '1. 完全控制系统', '2024-06-22 15:42:13', 1, 1);
INSERT INTO `t_role` VALUES (500008, '造化神境 (UP)', 40704, '[\"album:admin\",\"article:admin\",\"classify:admin\",\"comment:admin\",\"diary:admin\",\"file:admin\",\"label:admin\",\"leave_word:admin\",\"like:admin\",\"role:admin\",\"router:admin\",\"user:admin\",\"website:admin\"]', '1. 完全控制系统', '2024-06-22 15:42:13', 1, 1);
INSERT INTO `t_role` VALUES (500009, '百劫界王 (UP)', 57088, '[\"album:admin\",\"article:admin\",\"classify:admin\",\"comment:admin\",\"diary:admin\",\"file:admin\",\"label:admin\",\"leave_word:admin\",\"like:admin\",\"role:admin\",\"router:admin\",\"user:admin\",\"website:admin\"]', '1. 完全控制系统', '2024-06-22 15:42:13', 1, 1);
INSERT INTO `t_role` VALUES (500010, '千界之主 (UP)', 89856, '[\"album:admin\",\"article:admin\",\"classify:admin\",\"comment:admin\",\"diary:admin\",\"file:admin\",\"label:admin\",\"leave_word:admin\",\"like:admin\",\"role:admin\",\"router:admin\",\"user:admin\",\"website:admin\"]', '1. 完全控制系统', '2024-06-22 15:42:13', 1, 1);
INSERT INTO `t_role` VALUES (600000, '万古至尊 (UP)', 122624, '[\"album:admin\",\"article:admin\",\"classify:admin\",\"comment:admin\",\"diary:admin\",\"file:admin\",\"label:admin\",\"leave_word:admin\",\"like:admin\",\"role:admin\",\"router:admin\",\"user:admin\",\"website:admin\"]', '1. 完全控制系统', '2025-03-09 14:53:41', 1, 1);

-- ----------------------------
-- Table structure for t_router
-- ----------------------------
DROP TABLE IF EXISTS `t_router`;
CREATE TABLE `t_router`  (
  `id` bigint UNSIGNED NOT NULL AUTO_INCREMENT COMMENT '主键（自增）',
  `role_id` bigint UNSIGNED NOT NULL COMMENT '权限ID 向下兼容',
  `parent_id` bigint UNSIGNED NOT NULL DEFAULT 0 COMMENT '父路由ID',
  `name` varchar(16) CHARACTER SET utf8mb4 COLLATE utf8mb4_general_ci NOT NULL COMMENT '前端通过name获取路由',
  `title` varchar(64) CHARACTER SET utf8mb4 COLLATE utf8mb4_general_ci NOT NULL COMMENT '路由标题',
  `sort` tinyint UNSIGNED NOT NULL DEFAULT 1 COMMENT '路由排序',
  `path` varchar(64) CHARACTER SET utf8mb4 COLLATE utf8mb4_general_ci NOT NULL COMMENT '路由地址',
  `icon` varchar(32) CHARACTER SET utf8mb4 COLLATE utf8mb4_general_ci NULL DEFAULT NULL COMMENT '路由前缀图标',
  `component` varchar(64) CHARACTER SET utf8mb4 COLLATE utf8mb4_general_ci NULL DEFAULT NULL COMMENT '路由组件路径',
  `type` char(1) CHARACTER SET utf8mb4 COLLATE utf8mb4_general_ci NOT NULL DEFAULT '0' COMMENT '路由类型（B 按钮，M 菜单，O 导航栏不显示路由）',
  `is_admin` tinyint UNSIGNED NOT NULL DEFAULT 0 COMMENT '是否是admin端路由（0 ui, 1 admin）',
  `is_frame` tinyint UNSIGNED NOT NULL DEFAULT 0 COMMENT '是否外链',
  `is_enabled` tinyint UNSIGNED NOT NULL DEFAULT 1 COMMENT '是否启用',
  PRIMARY KEY (`id`) USING BTREE,
  INDEX `t_router_parent_id_priority_index`(`parent_id` ASC, `sort` ASC) USING BTREE,
  INDEX `t_router_role_id_index`(`role_id` ASC) USING BTREE
) ENGINE = InnoDB AUTO_INCREMENT = 1001 CHARACTER SET = utf8mb4 COLLATE = utf8mb4_general_ci COMMENT = '路由表' ROW_FORMAT = DYNAMIC;

-- ----------------------------
-- Records of t_router
-- ----------------------------
INSERT INTO `t_router` VALUES (1, 10001, 0, 'login', '登录注册', 0, 'login', NULL, '/login/Login.vue', 'H', 0, 0, 1);
INSERT INTO `t_router` VALUES (2, 10001, 0, 'user_info', '个人信息', 0, 'user/info', '', '/user/UserInfo.vue', 'H', 0, 0, 1);
INSERT INTO `t_router` VALUES (3, 10001, 0, 'article', '文章分类', 0, 'archives/article/:classifyId/:labelId', NULL, '/article/Article.vue', 'H', 0, 0, 1);
INSERT INTO `t_router` VALUES (4, 50001, 0, 'article_edit', '修改文章', 0, 'edit/article/:id', NULL, '/admin/article/AdminEditArticle.vue', 'H', 1, 0, 1);
INSERT INTO `t_router` VALUES (5, 10001, 0, 'article_detail', '文章详情', 0, 'article/detail/:id', NULL, '/article/ArticleDetail.vue', 'H', 0, 0, 1);
INSERT INTO `t_router` VALUES (6, 10001, 0, 'album_detail', '相册详情', 0, 'album/detail/:id', NULL, '/album/AlbumDetail.vue', 'H', 0, 0, 1);
INSERT INTO `t_router` VALUES (7, 10001, 0, 'diary_detail', '日记详情', 0, 'diary/detail/:id', NULL, '/diary/DiaryDetail.vue', 'H', 0, 0, 1);
INSERT INTO `t_router` VALUES (20, 10001, 0, 'home', '首 页', 1, '/', 'home', '/home/Home.vue', 'B', 0, 0, 1);
INSERT INTO `t_router` VALUES (21, 10001, 20, 'start', '起始页', 1, 'start', 'icon-start', '/home/Start.vue', 'B', 0, 0, 0);
INSERT INTO `t_router` VALUES (30, 100001, 0, 'config', '配置管理', 2, 'config', 'computer', '', 'M', 1, 0, 1);
INSERT INTO `t_router` VALUES (31, 10001, 0, 'archives', '归 档', 1, 'archives', 'folder', '/archives/Archives.vue', 'B', 0, 0, 1);
INSERT INTO `t_router` VALUES (32, 10001, 0, 'leave_word', '微语界', 2, 'leave_word', 'email-box', '/leave_word/LeaveWord.vue', 'B', 0, 0, 1);
INSERT INTO `t_router` VALUES (33, 10001, 1001, 'friends', '友人帐', 1, 'friends', 'friend-link', '/website/Friends.vue', 'B', 0, 0, 1);
INSERT INTO `t_router` VALUES (40, 10001, 0, 'time', '清平调·忆', 4, 'time', 'time-machine', '', 'M', 0, 0, 1);
INSERT INTO `t_router` VALUES (41, 10001, 40, 'diary', '青玉案', 3, 'diary', 'diary', '/diary/Diary.vue', 'B', 0, 0, 1);
INSERT INTO `t_router` VALUES (42, 10001, 40, 'album', '如梦令', 2, 'album', 'picture', '/album/Album.vue', 'B', 0, 0, 1);
INSERT INTO `t_router` VALUES (60, 10001, 0, 'more', '这里还有', 5, 'more', 'more', '', 'M', 0, 0, 1);
INSERT INTO `t_router` VALUES (61, 10001, 60, 'about', '关 于', 1, 'about', 'info', '/about/About.vue', 'B', 0, 0, 1);
INSERT INTO `t_router` VALUES (62, 30001, 60, 'admin', '管理后台', 2, 'https://yshujia.cn/admin', 'computer', '', 'B', 0, 1, 1);
INSERT INTO `t_router` VALUES (80, 30001, 0, 'admin_ui', '回到UI端', 5, 'https://yshujia.cn', 'paper-plane', '', 'B', 1, 1, 1);
INSERT INTO `t_router` VALUES (90, 30001, 0, 'admin_home', '系统总览', 1, 'home', 'home', '/admin/home/AdminHome.vue', 'B', 1, 0, 1);
INSERT INTO `t_router` VALUES (100, 30001, 0, 'admin_system', '系统管理', 3, 'system', 'system-set', '', 'M', 1, 0, 1);
INSERT INTO `t_router` VALUES (101, 100001, 100, 'admin_user', '用户管理', 1, 'user', 'user-set', '/admin/user/AdminUser.vue', 'B', 1, 0, 1);
INSERT INTO `t_router` VALUES (102, 100001, 100, 'admin_role', '角色管理', 2, 'role', 'authority', '/admin/role/AdminRole.vue', 'B', 1, 0, 1);
INSERT INTO `t_router` VALUES (103, 60000, 100, 'admin_file', '文件管理', 3, 'file', 'resources', '/admin/file/AdminFile.vue', 'B', 1, 0, 1);
INSERT INTO `t_router` VALUES (104, 100001, 100, 'admin_router', '路由管理', 4, 'router', 'router-link', '/admin/router/AdminRouter.vue', 'B', 1, 0, 1);
INSERT INTO `t_router` VALUES (105, 50009, 100, 'admin_classify', '类别管理', 5, 'classify', 'classify', '/admin/classify/AdminClassify.vue', 'B', 1, 0, 1);
INSERT INTO `t_router` VALUES (106, 50007, 100, 'admin_label', '标签管理', 6, 'label', 'label', '/admin/label/AdminLabel.vue', 'B', 1, 0, 1);
INSERT INTO `t_router` VALUES (107, 50004, 100, 'admin_album', '相册管理', 7, 'album', 'picture', '/admin/album/AdminAlbum.vue', 'B', 1, 0, 1);
INSERT INTO `t_router` VALUES (108, 50001, 100, 'admin_article', '文章管理', 8, 'article', 'document-set', '/admin/article/AdminArticle.vue', 'B', 1, 0, 1);
INSERT INTO `t_router` VALUES (109, 40003, 100, 'admin_diary', '日记管理', 9, 'diary', 'note', '/admin/diary/AdminDiary.vue', 'B', 1, 0, 1);
INSERT INTO `t_router` VALUES (110, 30001, 100, 'admin_website', '网站管理', 10, 'website', 'people-link', '/admin/website/AdminWebsite.vue', 'B', 1, 0, 1);
INSERT INTO `t_router` VALUES (111, 100001, 100, 'admin_comment', '评论管理', 11, 'comment', 'message', '/admin/comment/AdminComment.vue', 'B', 1, 0, 1);
INSERT INTO `t_router` VALUES (112, 100001, 100, 'admin_leave_word', '留言管理', 12, 'leave_word', 'email', '/admin/leave_word/AdminLeaveWord.vue', 'B', 1, 0, 1);
INSERT INTO `t_router` VALUES (120, 100001, 0, 'admin_monitor', '系统监控', 4, 'monitor', 'computer-monitor', '', 'M', 1, 0, 1);
INSERT INTO `t_router` VALUES (121, 100001, 120, 'admin_server', '服务监控', 1, 'server', 'server-monitor', '/admin/server/AdminServer.vue', 'B', 1, 0, 1);
INSERT INTO `t_router` VALUES (122, 100001, 120, 'admin_cache', '缓存监控', 2, 'cache', 'redis', '/admin/cache/AdminCache.vue', 'B', 1, 0, 1);
INSERT INTO `t_router` VALUES (1001, 10001, 0, 'compass', '指南针', 4, 'compass', 'paper-plane', '', 'M', 0, 0, 1);
INSERT INTO `t_router` VALUES (1002, 100001, 30, 'sys_config', '后端配置', 1, 'sys_config', 'system-set', '/admin/sys_config/AdminSysConfig.vue', 'B', 1, 0, 1);
INSERT INTO `t_router` VALUES (1003, 100001, 30, 'web_config', '前端配置', 2, 'web_config', 'computer', '/admin/web_config/AdminWebConfig.vue', 'B', 1, 0, 1);
INSERT INTO `t_router` VALUES (1004, 100001, 0, 'web_config_edit', '前端配置编辑', 0, 'edit/web_config/:id', NULL, '/admin/web_config/AdminEditWebConfig.vue', 'H', 1, 0, 1);

-- ----------------------------
-- Table structure for t_user
-- ----------------------------
DROP TABLE IF EXISTS `t_user`;
CREATE TABLE `t_user`  (
  `id` bigint UNSIGNED NOT NULL COMMENT '主键',
  `role_id` bigint UNSIGNED NOT NULL DEFAULT 10001 COMMENT '角色ID',
  `avatar` varchar(64) CHARACTER SET utf8mb4 COLLATE utf8mb4_general_ci NOT NULL COMMENT '头像',
  `username` varchar(16) CHARACTER SET utf8mb4 COLLATE utf8mb4_general_ci NOT NULL COMMENT '用户名',
  `password` varchar(64) CHARACTER SET utf8mb4 COLLATE utf8mb4_general_ci NOT NULL COMMENT '密码',
  `gender` tinyint NOT NULL DEFAULT 0 COMMENT '性别 -1女 0保密 1男',
  `email` varchar(128) CHARACTER SET utf8mb4 COLLATE utf8mb4_general_ci NULL DEFAULT NULL COMMENT '邮箱',
  `experience` int UNSIGNED NOT NULL DEFAULT 1024 COMMENT '经验值',
  `create_time` datetime NOT NULL DEFAULT CURRENT_TIMESTAMP COMMENT '创建时间',
  `update_time` datetime NOT NULL DEFAULT CURRENT_TIMESTAMP COMMENT '更新时间',
  `create_by` bigint UNSIGNED NOT NULL COMMENT '创建人',
  `update_by` bigint UNSIGNED NOT NULL COMMENT '修改人',
  `is_enabled` tinyint UNSIGNED NOT NULL DEFAULT 1 COMMENT '是否启用',
  PRIMARY KEY (`id`) USING BTREE
) ENGINE = InnoDB CHARACTER SET = utf8mb4 COLLATE = utf8mb4_general_ci COMMENT = '用户表' ROW_FORMAT = DYNAMIC;

-- ----------------------------
-- Table structure for t_website
-- ----------------------------
DROP TABLE IF EXISTS `t_website`;
CREATE TABLE `t_website`  (
  `id` bigint UNSIGNED NOT NULL AUTO_INCREMENT COMMENT '主键',
  `label_id` bigint UNSIGNED NOT NULL DEFAULT 40000100001 COMMENT '标签ID',
  `title` varchar(16) CHARACTER SET utf8mb4 COLLATE utf8mb4_0900_ai_ci NOT NULL COMMENT '网站标题',
  `avatar` varchar(128) CHARACTER SET utf8mb4 COLLATE utf8mb4_0900_ai_ci NOT NULL COMMENT '头像',
  `introduction` varchar(64) CHARACTER SET utf8mb4 COLLATE utf8mb4_0900_ai_ci NOT NULL DEFAULT '暂无介绍' COMMENT '网站简介',
  `url` varchar(128) CHARACTER SET utf8mb4 COLLATE utf8mb4_0900_ai_ci NOT NULL COMMENT '链接',
  `cover` varchar(128) CHARACTER SET utf8mb4 COLLATE utf8mb4_0900_ai_ci NOT NULL COMMENT '封面',
  `create_time` datetime NOT NULL DEFAULT CURRENT_TIMESTAMP COMMENT '创建时间',
  `update_time` datetime NOT NULL DEFAULT CURRENT_TIMESTAMP COMMENT '更新时间',
  `create_by` bigint UNSIGNED NOT NULL COMMENT '创建人',
  `update_by` bigint NOT NULL COMMENT '修改人',
  `is_recommend` tinyint UNSIGNED NOT NULL DEFAULT 0 COMMENT '是否开启推荐',
  `is_enabled` tinyint UNSIGNED NOT NULL DEFAULT 1 COMMENT '是否启用',
  `is_reviewed` tinyint UNSIGNED NOT NULL DEFAULT 2 COMMENT '是否通过审核',
  PRIMARY KEY (`id`) USING BTREE
) ENGINE = InnoDB AUTO_INCREMENT = 657742018154502 CHARACTER SET = utf8mb4 COLLATE = utf8mb4_general_ci COMMENT = '友链表' ROW_FORMAT = DYNAMIC;

-- ----------------------------
-- Records of t_website
-- ----------------------------
INSERT INTO `t_website` VALUES (1743445354654, 40000100001, 'UTOPIA', 'https://yshujia.cn/favicon.ico', 'UTOPIA 人类思想意识中最美好的国度。', 'https://yshujia.cn', 'https://yshujia.cn/cover.webp', '2025-04-01 02:22:34', '2025-05-01 22:35:30', 999999999999999, 999999999999999, 1, 1, 1);


DROP TABLE IF EXISTS `t_sys_config`;
CREATE TABLE `t_sys_config`  (
  `id` bigint UNSIGNED NOT NULL COMMENT '主键',
  `name` varchar(16) CHARACTER SET utf8mb4 COLLATE utf8mb4_0900_ai_ci NOT NULL COMMENT '配置名',
  `sys_password_count` tinyint UNSIGNED NOT NULL DEFAULT 5 COMMENT '密码试错次数',
  `sys_password_time` tinyint UNSIGNED NOT NULL DEFAULT 3 COMMENT '密码试错间隔时间 h',
  `sys_password_ban` tinyint UNSIGNED NOT NULL DEFAULT 72 COMMENT '密码试错封禁账号、IP时间 h',
  `sys_limit_count` tinyint UNSIGNED NOT NULL DEFAULT 30 COMMENT '触发接口限流次数',
  `sys_limit_time` tinyint UNSIGNED NOT NULL DEFAULT 3 COMMENT '触发接口限流间隔时间 h',
  `sys_limit_ban` tinyint UNSIGNED NOT NULL DEFAULT 72 COMMENT '触发限流封禁IP时间 h',
  `sys_replace_char` varchar(8) CHARACTER SET utf8mb4 COLLATE utf8mb4_0900_ai_ci NOT NULL DEFAULT '非礼勿言' COMMENT '敏感词替换符',
  `sys_max_exp` int UNSIGNED NOT NULL DEFAULT 300 COMMENT '每天可获取的最大经验值',
  `sys_role_table` json NOT NULL COMMENT '生成角色权限的表配置',
  `is_enabled` tinyint UNSIGNED NOT NULL DEFAULT 0 COMMENT '是否启用该配置',
  `create_time` datetime NOT NULL DEFAULT CURRENT_TIMESTAMP COMMENT '配置创建时间',
  PRIMARY KEY (`id`) USING BTREE
) ENGINE = InnoDB CHARACTER SET = utf8mb4 COLLATE = utf8mb4_0900_ai_ci ROW_FORMAT = Dynamic;

-- ----------------------------
-- Records of t_sys_config
-- ----------------------------
INSERT INTO `t_sys_config` VALUES (1758369629256, '默认配置', 5, 3, 72, 30, 3, 72, '[非礼勿言]', 300, '[\"album\", \"article\", \"classify\", \"comment\", \"diary\", \"file\", \"label\", \"leave_word\", \"like\", \"role\", \"router\", \"sys_config\", \"user\", \"web_config\", \"website\"]', 1, '2025-09-20 20:00:29');

DROP TABLE IF EXISTS `t_web_config`;
CREATE TABLE `t_web_config`  (
  `id` bigint UNSIGNED NOT NULL COMMENT '主键',
  `name` varchar(16) CHARACTER SET utf8mb4 COLLATE utf8mb4_0900_ai_ci NOT NULL COMMENT '配置名',
  `author_name` varchar(32) CHARACTER SET utf8mb4 COLLATE utf8mb4_0900_ai_ci NOT NULL COMMENT '作者名称',
  `author_avatar` varchar(128) CHARACTER SET utf8mb4 COLLATE utf8mb4_0900_ai_ci NOT NULL COMMENT '作者头像地址',
  `author_tag` json NOT NULL COMMENT '作者标签配置',
  `author_contact` json NOT NULL COMMENT '作者联系方式配置',
  `author_payment` json NOT NULL COMMENT '作者支付方式配置',
  `author_home` json NOT NULL COMMENT '作者家乡经纬度配置',
  `author_mbti` json NOT NULL COMMENT '作者mbti人格配置',
  `author_skill` json NOT NULL COMMENT '作者擅长的技术配置',
  `author_game` json NOT NULL COMMENT '作者爱玩的游戏配置',
  `author_book` json NOT NULL COMMENT '作者喜爱的书籍配置',
  `author_footprint` json NOT NULL COMMENT '作者走过的地点配置',
  `author_about` text CHARACTER SET utf8mb4 COLLATE utf8mb4_0900_ai_ci NOT NULL COMMENT '关于作者',
  `site_title` varchar(32) CHARACTER SET utf8mb4 COLLATE utf8mb4_0900_ai_ci NOT NULL COMMENT '网站标题',
  `site_motto` varchar(32) CHARACTER SET utf8mb4 COLLATE utf8mb4_0900_ai_ci NOT NULL COMMENT '网站座右铭',
  `site_record` varchar(64) CHARACTER SET utf8mb4 COLLATE utf8mb4_0900_ai_ci NOT NULL COMMENT '网站备案号',
  `site_favicon` varchar(128) CHARACTER SET utf8mb4 COLLATE utf8mb4_0900_ai_ci NOT NULL COMMENT '网站favicon地址',
  `site_about` text CHARACTER SET utf8mb4 COLLATE utf8mb4_0900_ai_ci NOT NULL COMMENT '关于网站',
  `site_create_time` datetime NOT NULL COMMENT '网站运行起始时间',
  `is_enabled` tinyint UNSIGNED NOT NULL DEFAULT 0 COMMENT '是否启用该配置',
  `create_time` datetime NOT NULL DEFAULT CURRENT_TIMESTAMP COMMENT '配置创建时间',
  PRIMARY KEY (`id`) USING BTREE
) ENGINE = InnoDB CHARACTER SET = utf8mb4 COLLATE = utf8mb4_0900_ai_ci ROW_FORMAT = Dynamic;

SET FOREIGN_KEY_CHECKS = 1;
